Date,Open,High,Low,Close,Change%,Volume,Adjustment
07/10/2021,1390.0,1405.0,1385.0,1405.0,0.357,23227,1
06/10/2021,1445.0,1445.0,1390.0,1400.0,-3.11,24887,1
05/10/2021,1570.0,1570.0,1445.0,1445.0,-6.77,49170,1
04/10/2021,1650.0,1650.0,1550.0,1550.0,-6.06,46488,1
01/10/2021,1660.0,1660.0,1650.0,1650.0,-0.602,10536,1
30/09/2021,1650.0,1665.0,1650.0,1660.0,0.606,84971,1
29/09/2021,1650.0,1650.0,1650.0,1650.0,0,42007,1
28/09/2021,1652.5,1652.5,1650.0,1650.0,-0.151,13592,1
27/09/2021,1645.0,1655.0,1645.0,1652.5,-0.452,14651,1
24/09/2021,1645.0,1660.0,1645.0,1660.0,0,29044,1
23/09/2021,1660.0,1660.0,1645.0,1660.0,0,36672,1
22/09/2021,1670.0,1670.0,1660.0,1660.0,-0.599,9809,1
21/09/2021,1655.0,1670.0,1655.0,1670.0,1.21,29381,1
20/09/2021,1665.0,1665.0,1650.0,1650.0,-0.901,13927,1
17/09/2021,1660.0,1665.0,1660.0,1665.0,0.15,21226,1
16/09/2021,1662.5,1662.5,1662.5,1662.5,0,31053,1
15/09/2021,1682.5,1682.5,1662.5,1662.5,-0.746,15348,1
14/09/2021,1720.0,1720.0,1675.0,1675.0,-2.33,61510,1
13/09/2021,1674.0,1715.0,1674.0,1715.0,2.39,3071,1
10/09/2021,1612.5,1675.0,1612.5,1675.0,3.08,79554,1
09/09/2021,1615.0,1625.0,1612.5,1625.0,0.309,34819,1
08/09/2021,1672.5,1672.5,1620.0,1620.0,-3.14,35842,1
07/09/2021,1710.0,1710.0,1672.5,1672.5,-2.19,32568,1
06/09/2021,1720.0,1720.0,1707.5,1710.0,-1.16,32572,1
03/09/2021,1782.5,1782.5,1720.0,1730.0,-3.89,30526,1
02/09/2021,1792.5,1800.0,1782.5,1800.0,0.418,26209,1
01/09/2021,1745.0,1795.0,1745.0,1792.5,2.72,48869,1
31/08/2021,1712.5,1745.0,1710.0,1745.0,2.05,42132,1
27/08/2021,1675.0,1715.0,1675.0,1710.0,1.79,26819,1
26/08/2021,1602.5,1680.0,1602.5,1680.0,4.84,29125,1
25/08/2021,1580.0,1602.5,1580.0,1602.5,0.156,26958,1
24/08/2021,1580.0,1600.0,1570.0,1600.0,1.27,15470,1
23/08/2021,1540.0,1580.0,1540.0,1580.0,2.93,55822,1
20/08/2021,1565.0,1565.0,1535.0,1535.0,-1.92,14152,1
19/08/2021,1575.0,1575.0,1565.0,1565.0,0.321,13732,1
18/08/2021,1580.0,1580.0,1560.0,1560.0,-2.5,48031,1
17/08/2021,1540.0,1600.0,1540.0,1600.0,3.9,42610,1
16/08/2021,1510.0,1540.0,1510.0,1540.0,1.99,32117,1
13/08/2021,1450.0,1510.0,1450.0,1510.0,2.72,48557,1
12/08/2021,1430.0,1470.0,1430.0,1470.0,2.8,21714,1
11/08/2021,1425.0,1430.0,1425.0,1430.0,0.351,14202,1
10/08/2021,1425.0,1425.0,1425.0,1425.0,0,22796,1
09/08/2021,1417.5,1425.0,1417.5,1425.0,0.529,72932,1
06/08/2021,1420.0,1420.0,1415.0,1417.5,-0.176,20469,1
05/08/2021,1420.0,1420.0,1420.0,1420.0,0,13450,1
04/08/2021,1420.0,1420.0,1420.0,1420.0,0,11932,1
03/08/2021,1425.0,1425.0,1420.0,1420.0,-0.351,16021,1
02/08/2021,1420.0,1425.0,1417.5,1425.0,0.352,49499,1
30/07/2021,1420.0,1420.0,1420.0,1420.0,0,33724,1
29/07/2021,1420.0,1420.0,1420.0,1420.0,0,56911,1
28/07/2021,1405.0,1420.0,1405.0,1420.0,1.07,47408,1
27/07/2021,1420.0,1420.0,1405.0,1405.0,-1.06,62166,1
26/07/2021,1390.0,1420.0,1390.0,1420.0,2.16,294310,1
23/07/2021,1387.5,1390.0,1387.5,1390.0,0.18,15851,1
22/07/2021,1417.5,1417.5,1380.0,1387.5,-1.6,90010,1
21/07/2021,1425.0,1425.0,1410.0,1410.0,0,14412,1
20/07/2021,1425.0,1425.0,1410.0,1410.0,0.356,76846,1
19/07/2021,1407.5,1407.5,1400.0,1405.0,-1.75,28660,1
16/07/2021,1415.0,1430.0,1412.5,1430.0,0,54192,1
15/07/2021,1390.0,1430.0,1390.0,1430.0,2.88,16411,1
14/07/2021,1370.0,1390.0,1370.0,1390.0,1.46,34451,1
13/07/2021,1335.0,1370.0,1335.0,1370.0,2.62,110783,1
12/07/2021,1295.0,1335.0,1295.0,1335.0,3.09,21486,1
09/07/2021,1295.0,1295.0,1295.0,1295.0,0.388,19336,1
08/07/2021,1300.0,1300.0,1290.0,1290.0,-0.769,77184,1
07/07/2021,1300.0,1300.0,1300.0,1300.0,0,9920,1
06/07/2021,1325.0,1325.0,1300.0,1300.0,-2.26,47591,1
05/07/2021,1340.0,1340.0,1330.0,1330.0,-0.746,39748,1
02/07/2021,1325.0,1340.0,1325.0,1340.0,1.52,22500,1
01/07/2021,1307.5,1320.0,1307.5,1320.0,0.956,26811,1
30/06/2021,1280.0,1307.5,1280.0,1307.5,2.15,30946,1
29/06/2021,1270.0,1280.0,1270.0,1280.0,0.787,27513,1
28/06/2021,1255.0,1270.0,1255.0,1270.0,1.2,13146,1
25/06/2021,1255.0,1255.0,1255.0,1255.0,0,29242,1
24/06/2021,1250.0,1255.0,1250.0,1255.0,0.4,15099,1
23/06/2021,1240.0,1250.0,1240.0,1250.0,0,15196,1
22/06/2021,1230.0,1250.0,1230.0,1250.0,1.63,22490,1
21/06/2021,1232.5,1232.5,1230.0,1230.0,-0.203,52439,1
18/06/2021,1230.0,1232.5,1230.0,1232.5,-0.202,26997,1
17/06/2021,1225.0,1235.0,1225.0,1235.0,0.407,21676,1
16/06/2021,1220.0,1230.0,1220.0,1230.0,0.82,71830,1
15/06/2021,1250.0,1250.0,1220.0,1220.0,-2.4,41634,1
14/06/2021,1252.5,1252.5,1250.0,1250.0,-0.2,6952,1
11/06/2021,1252.5,1252.5,1252.5,1252.5,-1.38,2963,1
10/06/2021,1252.5,1270.0,1252.5,1270.0,1.4,13601,1
09/06/2021,1252.5,1252.5,1252.5,1252.5,0,15315,1
08/06/2021,1250.0,1252.5,1240.0,1252.5,0.2,20928,1
07/06/2021,1250.0,1250.0,1250.0,1250.0,0,10505,1
04/06/2021,1230.0,1250.0,1230.0,1250.0,1.63,22710,1
03/06/2021,1277.5,1277.5,1225.0,1230.0,-3.72,41876,1
02/06/2021,1277.5,1277.5,1277.5,1277.5,0,24323,1
01/06/2021,1265.0,1277.5,1260.0,1277.5,1.39,23218,1
28/05/2021,1260.0,1260.0,1260.0,1260.0,1.61,33965,1
27/05/2021,1275.0,1275.0,1240.0,1240.0,-1.59,26501,1
26/05/2021,1275.0,1275.0,1260.0,1260.0,-1.18,31538,1
25/05/2021,1275.0,1275.0,1275.0,1275.0,0,34790,1
24/05/2021,1270.0,1275.0,1270.0,1275.0,0,44678,1
21/05/2021,1275.0,1275.0,1275.0,1275.0,0,17222,1
20/05/2021,1280.0,1285.0,1270.0,1275.0,-0.778,17836,1
19/05/2021,1282.5,1285.0,1282.5,1285.0,0,31207,1
18/05/2021,1300.0,1300.0,1285.0,1285.0,-4.1,29837,1
17/05/2021,1300.0,1340.0,1300.0,1340.0,3.08,14325,1
14/05/2021,1285.0,1300.0,1285.0,1300.0,1.17,24114,1
13/05/2021,1322.5,1322.5,1280.0,1285.0,-3.02,39676,1
12/05/2021,1327.5,1327.5,1325.0,1325.0,-0.188,59914,1
11/05/2021,1330.0,1330.0,1325.0,1327.5,-0.188,48709,1
10/05/2021,1320.0,1330.0,1320.0,1330.0,-0.375,47149,1
07/05/2021,1315.0,1335.0,1315.0,1335.0,1.52,185034,1
06/05/2021,1280.0,1315.0,1280.0,1315.0,2.33,57099,1
05/05/2021,1260.0,1285.0,1260.0,1285.0,1.98,60450,1
04/05/2021,1240.0,1260.0,1240.0,1260.0,1.61,50478,1
30/04/2021,1195.0,1240.0,1195.0,1240.0,-0.8,80480,1
29/04/2021,1225.0,1250.0,1195.0,1250.0,0.806,55726,1
28/04/2021,1210.0,1240.0,1210.0,1240.0,2.48,42278,1
27/04/2021,1155.0,1210.0,1155.0,1210.0,8.52,167137,1
26/04/2021,1115.0,1115.0,1115.0,1115.0,0,8043,1
23/04/2021,1115.0,1120.0,1115.0,1115.0,0,30431,1
22/04/2021,1112.5,1115.0,1112.5,1115.0,0.225,13823,1
21/04/2021,1115.0,1115.0,1112.5,1112.5,-1.11,51917,1
20/04/2021,1105.0,1125.0,1105.0,1125.0,2.27,27677,1
19/04/2021,1097.5,1100.0,1097.5,1100.0,0.228,539161,1
16/04/2021,1095.0,1097.5,1095.0,1097.5,0.228,35425,1
15/04/2021,1095.0,1095.0,1095.0,1095.0,0,53017,1
14/04/2021,1085.0,1095.0,1085.0,1095.0,1.39,36043,1
13/04/2021,1082.5,1085.0,1080.0,1080.0,-0.231,49856,1
12/04/2021,1087.5,1087.5,1072.5,1082.5,-0.46,53095,1
09/04/2021,1072.5,1087.5,1072.5,1087.5,1.4,40861,1
08/04/2021,1095.0,1095.0,1072.5,1072.5,-2.05,35936,1
07/04/2021,1095.0,1095.0,1090.0,1095.0,0,21402,1
06/04/2021,1095.0,1095.0,1095.0,1095.0,0,34486,1
01/04/2021,1095.0,1095.0,1095.0,1095.0,0,21504,1
31/03/2021,1097.5,1097.5,1092.5,1095.0,-0.228,37167,1
30/03/2021,1102.5,1102.5,1097.5,1097.5,-0.679,26925,1
29/03/2021,1095.0,1105.0,1095.0,1105.0,0.913,56126,1
26/03/2021,1092.5,1095.0,1092.5,1095.0,0.922,61119,1
25/03/2021,1105.0,1105.0,1085.0,1085.0,-1.81,29566,1
24/03/2021,1125.0,1125.0,1105.0,1105.0,-5.56,83393,1
23/03/2021,1125.0,1170.0,1125.0,1170.0,2.63,33589,1
22/03/2021,1130.0,1140.0,1130.0,1140.0,2.7,49685,1
19/03/2021,1145.0,1145.0,1110.0,1110.0,-2.63,232191,1
18/03/2021,1130.0,1140.0,1130.0,1140.0,0.885,15472,1
17/03/2021,1115.0,1130.0,1115.0,1130.0,0.893,121013,1
16/03/2021,1105.0,1120.0,1105.0,1120.0,1.36,28177,1
15/03/2021,1105.0,1105.0,1105.0,1105.0,0,33453,1
12/03/2021,1105.0,1105.0,1105.0,1105.0,0.227,63301,1
11/03/2021,1080.0,1102.5,1080.0,1102.5,2.08,14607,1
10/03/2021,1080.0,1082.5,1080.0,1080.0,0,25581,1
09/03/2021,1065.0,1080.0,1065.0,1080.0,1.41,24988,1
08/03/2021,1060.0,1065.0,1060.0,1065.0,0.472,19743,1
05/03/2021,1055.0,1060.0,1055.0,1060.0,0.474,14776,1
04/03/2021,1055.0,1055.0,1055.0,1055.0,-1.4,18442,1
03/03/2021,1055.0,1070.0,1055.0,1070.0,1.9,260588,1
02/03/2021,1055.0,1055.0,1050.0,1050.0,-0.474,13239,1
01/03/2021,1055.0,1055.0,1055.0,1055.0,0,20684,1
26/02/2021,1055.0,1055.0,1055.0,1055.0,0,25553,1
25/02/2021,1050.0,1055.0,1050.0,1055.0,0.476,19959,1
24/02/2021,1050.0,1050.0,1050.0,1050.0,0,36037,1
23/02/2021,1050.0,1050.0,1050.0,1050.0,0,30625,1
22/02/2021,1040.0,1050.0,1040.0,1050.0,1.45,45430,1
19/02/2021,1060.0,1060.0,1035.0,1035.0,5.72,276382,1
18/02/2021,990.00,990.00,978.00,979.00,-1.11,34957,1
17/02/2021,995.00,995.00,990.00,990.00,-0.503,34143,1
16/02/2021,995.00,995.00,995.00,995.00,0,17046,1
15/02/2021,1006.0,1006.0,995.00,995.00,-1.09,59426,1
12/02/2021,1010.0,1010.0,1003.5,1006.0,-0.396,80357,1
11/02/2021,1025.0,1025.0,1006.0,1010.0,-1.46,68797,1
10/02/2021,1025.0,1025.0,1025.0,1025.0,-1.44,29203,1
09/02/2021,1025.0,1040.0,1025.0,1040.0,1.46,12122,1
08/02/2021,1025.0,1025.0,1025.0,1025.0,0,11382,1
05/02/2021,1025.0,1025.0,1025.0,1025.0,-0.485,17264,1
04/02/2021,1055.0,1055.0,1030.0,1030.0,-2.37,80968,1
03/02/2021,1057.5,1057.5,1055.0,1055.0,0,8043,1
02/02/2021,1055.0,1055.0,1055.0,1055.0,-0.472,25532,1
01/02/2021,1055.0,1060.0,1055.0,1060.0,0.474,35180,1
29/01/2021,1055.0,1055.0,1055.0,1055.0,0,13368,1
28/01/2021,1050.0,1055.0,1050.0,1055.0,0,32311,1
27/01/2021,1052.5,1060.0,1052.5,1055.0,-0.472,40742,1
26/01/2021,1052.5,1060.0,1052.5,1060.0,0.713,13130,1
25/01/2021,1050.0,1052.5,1050.0,1052.5,0.238,71561,1
22/01/2021,1050.0,1050.0,1050.0,1050.0,0,20218,1
21/01/2021,1035.0,1050.0,1035.0,1050.0,2.19,53072,1
20/01/2021,988.00,1027.5,988.00,1027.5,5.28,38907,1
19/01/2021,988.00,988.00,976.00,976.00,-1.21,22795,1
18/01/2021,986.00,988.00,986.00,988.00,0.203,16342,1
15/01/2021,986.00,986.00,986.00,986.00,-0.404,60100,1
14/01/2021,986.00,990.00,986.00,990.00,0,21660,1
13/01/2021,986.00,990.00,986.00,990.00,0,40988,1
12/01/2021,1020.0,1020.0,986.00,990.00,-2.94,53552,1
11/01/2021,1032.5,1032.5,1020.0,1020.0,0.99,31743,1
08/01/2021,1050.0,1050.0,1010.0,1010.0,-3.81,51298,1
07/01/2021,1057.5,1057.5,1050.0,1050.0,0,35480,1
06/01/2021,1057.5,1057.5,1050.0,1050.0,-0.709,57471,1
05/01/2021,1052.5,1057.5,1052.5,1057.5,-1.63,38086,1
04/01/2021,1052.5,1075.0,1052.5,1075.0,0,42456,1
31/12/2020,1050.0,1075.0,1050.0,1075.0,2.38,13214,1
30/12/2020,1047.5,1050.0,1047.5,1050.0,0.239,9594,1
29/12/2020,1040.0,1047.5,1040.0,1047.5,0.721,17236,1
24/12/2020,1030.0,1040.0,1030.0,1040.0,0,7032,1
23/12/2020,1030.0,1040.0,1030.0,1040.0,1.46,19443,1
22/12/2020,1050.0,1050.0,1025.0,1025.0,-4.21,1750146,1
21/12/2020,1050.0,1070.0,1050.0,1070.0,1.9,12261,1
18/12/2020,1050.0,1050.0,1050.0,1050.0,-0.474,27071,1
17/12/2020,1000.0,1055.0,1000.0,1055.0,7.65,356037,1
16/12/2020,970.00,980.00,970.00,980.00,1.03,19799,1
15/12/2020,970.00,970.00,970.00,970.00,0,68170,1
14/12/2020,970.00,970.00,970.00,970.00,0,45413,1
11/12/2020,970.00,970.00,970.00,970.00,0.414,24418,1
10/12/2020,965.00,970.00,965.00,966.00,0,474971,1
09/12/2020,965.00,966.00,965.00,966.00,0.104,44659,1
08/12/2020,965.00,965.00,965.00,965.00,1.58,114594,1
07/12/2020,965.00,965.00,950.00,950.00,-1.55,56553,1
04/12/2020,965.00,965.00,965.00,965.00,0.104,12998,1
03/12/2020,965.00,965.00,964.00,964.00,-0.104,12058,1
02/12/2020,965.00,965.00,965.00,965.00,0,23976,1
01/12/2020,965.00,965.00,965.00,965.00,0,22139,1
30/11/2020,970.00,970.00,965.00,965.00,-0.515,36147,1
27/11/2020,965.00,970.00,965.00,970.00,0.518,28730,1
26/11/2020,960.00,965.00,960.00,965.00,0.521,54996,1
25/11/2020,970.00,970.00,960.00,960.00,-1.03,321833,1
24/11/2020,970.00,970.00,970.00,970.00,0,61488,1
23/11/2020,930.00,970.00,930.00,970.00,4.3,286481,1
20/11/2020,930.00,930.00,930.00,930.00,0,92075,1
19/11/2020,935.00,935.00,930.00,930.00,-0.535,19580,1
18/11/2020,932.00,935.00,930.00,935.00,0.322,60680,1
17/11/2020,925.00,932.00,925.00,932.00,1.97,87058,1
16/11/2020,940.00,943.00,914.00,914.00,-4.79,49515,1
13/11/2020,979.00,979.00,945.00,960.00,-2.04,11212,1
12/11/2020,985.00,985.00,980.00,980.00,-0.508,151110,1
11/11/2020,985.00,985.00,985.00,985.00,0,39057,1
10/11/2020,985.00,985.00,985.00,985.00,0,9865,1
09/11/2020,985.00,985.00,980.00,985.00,0,251101,1
06/11/2020,987.50,987.50,985.00,985.00,-0.253,21537,1
05/11/2020,987.50,992.50,987.50,987.50,0,26538,1
04/11/2020,970.00,987.50,970.00,987.50,1.8,52930,1
03/11/2020,970.00,970.00,970.00,970.00,-1.02,66142,1
02/11/2020,970.00,980.00,970.00,980.00,1.03,19832,1
30/10/2020,970.00,970.00,965.00,970.00,0,80955,1
29/10/2020,990.00,990.00,970.00,970.00,-2.02,342904,1
28/10/2020,990.00,990.00,990.00,990.00,-0.503,97001,1
27/10/2020,995.00,995.00,995.00,995.00,0,15927,1
26/10/2020,995.00,995.00,995.00,995.00,-0.5,23848,1
23/10/2020,1005.0,1005.0,995.00,1000.0,0,20217,1
22/10/2020,980.00,1005.0,980.00,1000.0,-0.99,166145,1
21/10/2020,980.00,1010.0,980.00,1010.0,3.06,115776,1
20/10/2020,980.00,980.00,980.00,980.00,0,32671,1
19/10/2020,980.00,980.00,980.00,980.00,0,33040,1
16/10/2020,980.00,980.00,980.00,980.00,-2,109623,1
15/10/2020,970.00,1000.0,970.00,1000.0,1.01,102443,1
14/10/2020,935.00,990.00,935.00,990.00,5.88,180516,1
13/10/2020,910.00,935.00,910.00,935.00,1.63,113400,1
12/10/2020,910.00,920.00,910.00,920.00,1.1,33739,1
09/10/2020,860.00,910.00,860.00,910.00,5.81,45758,1
08/10/2020,860.00,860.00,860.00,860.00,-0.463,216401,1
07/10/2020,860.00,864.00,860.00,864.00,0.465,15287,1
06/10/2020,860.00,860.00,860.00,860.00,0,62548,1
05/10/2020,860.00,860.00,860.00,860.00,-1.15,125521,1
02/10/2020,860.00,870.00,860.00,870.00,1.16,24716,1
01/10/2020,860.00,860.00,860.00,860.00,0,315141,1
30/09/2020,855.00,865.00,855.00,860.00,1.18,27578,1
29/09/2020,835.00,855.00,835.00,850.00,1.8,18014,1
28/09/2020,830.00,835.00,830.00,835.00,0.602,148507,1
25/09/2020,830.00,830.00,830.00,830.00,0,15452,1
24/09/2020,830.00,830.00,830.00,830.00,0,6089,1
23/09/2020,830.00,830.00,830.00,830.00,0,107087,1
22/09/2020,830.00,830.00,830.00,830.00,-2.35,18381,1
21/09/2020,830.00,850.00,830.00,850.00,2.41,66372,1
18/09/2020,830.00,830.00,830.00,830.00,0,36285,1
17/09/2020,829.00,830.00,829.00,830.00,0.121,24119,1
16/09/2020,815.00,829.00,815.00,829.00,1.72,23765,1
15/09/2020,810.00,815.00,810.00,815.00,-0.61,38004,1
14/09/2020,775.00,820.00,775.00,820.00,11.6,282320,1
11/09/2020,735.00,735.00,735.00,735.00,0,14899,1
10/09/2020,735.00,735.00,735.00,735.00,0,4626,1
09/09/2020,735.00,735.00,735.00,735.00,-2,11781,1
08/09/2020,750.00,750.00,735.00,750.00,0,9763,1
07/09/2020,750.00,750.00,750.00,750.00,0,10744,1
04/09/2020,750.00,750.00,750.00,750.00,0,22869,1
03/09/2020,750.00,750.00,750.00,750.00,2.74,45828,1
02/09/2020,755.00,755.00,730.00,730.00,-5.19,16267,1
01/09/2020,755.00,770.00,755.00,770.00,0,12934,1
28/08/2020,740.00,770.00,740.00,770.00,2.67,85671,1
27/08/2020,740.00,750.00,740.00,750.00,0,6477,1
26/08/2020,740.00,750.00,740.00,750.00,0,9540,1
25/08/2020,740.00,750.00,740.00,750.00,1.35,26208,1
24/08/2020,735.00,740.00,735.00,740.00,0.68,5580,1
21/08/2020,735.00,735.00,735.00,735.00,0,20307,1
20/08/2020,720.00,740.00,720.00,735.00,2.08,122969,1
19/08/2020,715.00,720.00,715.00,720.00,0.699,15584,1
18/08/2020,715.00,715.00,715.00,715.00,0,7531,1
17/08/2020,715.00,715.00,715.00,715.00,0,31905,1
14/08/2020,715.00,715.00,715.00,715.00,0,24998,1
13/08/2020,715.00,715.00,715.00,715.00,0,39298,1
12/08/2020,710.00,715.00,710.00,715.00,0.704,28183,1
11/08/2020,710.00,710.00,710.00,710.00,0,25772,1
10/08/2020,710.00,710.00,710.00,710.00,0,725,1
07/08/2020,715.00,715.00,710.00,710.00,0,3020,1
06/08/2020,710.00,710.00,710.00,710.00,0,57165,1
05/08/2020,710.00,710.00,710.00,710.00,0,58958,1
04/08/2020,720.00,720.00,710.00,710.00,-1.39,39684,1
03/08/2020,720.00,720.00,720.00,720.00,0,10748,1
31/07/2020,720.00,720.00,720.00,720.00,0,16129,1
30/07/2020,720.00,720.00,720.00,720.00,0,3527,1
29/07/2020,708.00,720.00,708.00,720.00,1.69,67897,1
28/07/2020,705.00,708.00,705.00,708.00,0.426,25682,1
27/07/2020,735.00,735.00,705.00,705.00,-2.08,93057,1
24/07/2020,750.00,750.00,720.00,720.00,-4,32893,1
23/07/2020,730.00,755.00,730.00,750.00,1.9,29069,1
22/07/2020,725.00,736.00,725.00,736.00,1.52,30775,1
21/07/2020,690.00,725.00,690.00,725.00,5.07,22583,1
20/07/2020,690.00,690.00,690.00,690.00,0,16321,1
17/07/2020,690.00,690.00,690.00,690.00,0,6327,1
16/07/2020,690.00,690.00,690.00,690.00,0,16892,1
15/07/2020,690.00,690.00,690.00,690.00,0,75540,1
14/07/2020,690.00,690.00,690.00,690.00,0,5526,1
13/07/2020,690.00,690.00,690.00,690.00,0,9654,1
10/07/2020,660.00,690.00,660.00,690.00,8.66,756285,1
09/07/2020,635.00,635.00,635.00,635.00,0,54367,1
08/07/2020,635.00,635.00,635.00,635.00,0,7351,1
07/07/2020,635.00,635.00,635.00,635.00,0,15780,1
06/07/2020,635.00,635.00,635.00,635.00,0,166541,1
03/07/2020,635.00,635.00,635.00,635.00,0,159,1
02/07/2020,635.00,635.00,635.00,635.00,0,3669,1
01/07/2020,635.00,635.00,635.00,635.00,0,47561,1
30/06/2020,635.00,635.00,635.00,635.00,0,234095,1
29/06/2020,635.00,635.00,635.00,635.00,0,62814,1
26/06/2020,635.00,635.00,635.00,635.00,-2.31,6047,1
25/06/2020,635.00,650.00,635.00,650.00,2.36,13016,1
24/06/2020,645.00,645.00,635.00,635.00,-1.55,28918,1
23/06/2020,645.00,645.00,645.00,645.00,-3.73,23067,1
22/06/2020,645.00,670.00,645.00,670.00,3.88,3831,1
19/06/2020,645.00,645.00,645.00,645.00,0,2382,1
18/06/2020,645.00,645.00,645.00,645.00,0,11742,1
17/06/2020,645.00,645.00,645.00,645.00,0,191633,1
16/06/2020,645.00,645.00,645.00,645.00,0,3265,1
15/06/2020,650.00,650.00,645.00,645.00,0,202510,1
12/06/2020,645.00,645.00,645.00,645.00,0,81,1
11/06/2020,645.00,645.00,645.00,645.00,0,265489,1
10/06/2020,645.00,645.00,645.00,645.00,0,6048,1
09/06/2020,645.00,645.00,645.00,645.00,0,7656,1
08/06/2020,645.00,645.00,645.00,645.00,0,5233,1
05/06/2020,650.00,650.00,645.00,645.00,-0.769,34816,1
04/06/2020,640.00,650.00,640.00,650.00,1.56,22550,1
03/06/2020,640.00,640.00,640.00,640.00,0,10333,1
02/06/2020,640.00,640.00,640.00,640.00,-3.9,1386,1
01/06/2020,640.00,666.00,640.00,666.00,0.301,20638,1
29/05/2020,640.00,664.00,640.00,664.00,3.75,3861,1
28/05/2020,640.00,640.00,640.00,640.00,0,26788,1
27/05/2020,630.00,640.00,630.00,640.00,2.89,60079,1
26/05/2020,630.00,630.00,622.00,622.00,-1.27,46571,1
22/05/2020,625.00,630.00,625.00,630.00,0.8,12757,1
21/05/2020,640.00,640.00,625.00,625.00,-2.34,10344,1
20/05/2020,615.00,640.00,615.00,640.00,4.07,59601,1
19/05/2020,615.00,615.00,615.00,615.00,0,12523,1
18/05/2020,580.00,615.00,580.00,615.00,6.96,21605,1
15/05/2020,570.00,575.00,570.00,575.00,0.877,12790,1
14/05/2020,570.00,570.00,570.00,570.00,0,12957,1
13/05/2020,565.00,570.00,565.00,570.00,-0.87,34125,1
12/05/2020,620.00,620.00,575.00,575.00,-4.17,32714,1
11/05/2020,600.00,600.00,600.00,600.00,-0.826,29601,1
07/05/2020,620.00,620.00,605.00,605.00,-0.82,12760,1
06/05/2020,575.00,610.00,575.00,610.00,7.02,222431,1
05/05/2020,535.00,575.00,535.00,570.00,6.54,16356,1
04/05/2020,535.00,535.00,535.00,535.00,0,23496,1
01/05/2020,535.00,535.00,535.00,535.00,0,12408,1
30/04/2020,535.00,535.00,535.00,535.00,0,13552,1
29/04/2020,535.00,535.00,535.00,535.00,0,24335,1
28/04/2020,535.00,535.00,535.00,535.00,0,90631,1
27/04/2020,535.00,535.00,535.00,535.00,0,11936,1
24/04/2020,535.00,535.00,535.00,535.00,0,7647,1
23/04/2020,535.00,535.00,535.00,535.00,0,4092,1
22/04/2020,535.00,535.00,535.00,535.00,0,620,1
21/04/2020,535.00,535.00,535.00,535.00,0,6920,1
20/04/2020,535.00,535.00,535.00,535.00,0,4027,1
17/04/2020,540.00,540.00,535.00,535.00,-0.926,6365,1
16/04/2020,555.00,555.00,525.00,540.00,-2.7,23938,1
15/04/2020,590.00,590.00,555.00,555.00,-5.93,35309,1
14/04/2020,585.00,590.00,585.00,590.00,0.855,12670,1
09/04/2020,595.00,595.00,575.00,585.00,0.862,41184,1
08/04/2020,550.00,585.00,550.00,580.00,5.45,169740,1
07/04/2020,485.00,550.00,485.00,550.00,13.4,37433,1
06/04/2020,435.00,485.00,435.00,485.00,16.2,26989,1
03/04/2020,390.00,417.50,390.00,417.50,7.05,20434,1
02/04/2020,390.00,390.00,390.00,390.00,0,24181,1
01/04/2020,400.00,400.00,385.00,390.00,-2.5,51392,1
31/03/2020,400.00,400.00,400.00,400.00,0,31201,1
30/03/2020,420.00,420.00,400.00,400.00,-4.76,14048,1
27/03/2020,435.00,435.00,420.00,420.00,-3.45,17193,1
26/03/2020,435.00,435.00,435.00,435.00,0,22844,1
25/03/2020,432.50,440.00,432.50,435.00,0.578,17688,1
24/03/2020,422.50,432.50,422.50,432.50,2.37,178736,1
23/03/2020,435.00,435.00,420.00,422.50,-3.98,46233,1
20/03/2020,437.50,445.00,437.50,440.00,0.571,18140,1
19/03/2020,447.50,447.50,437.50,437.50,-2.23,24023,1
18/03/2020,415.00,447.50,410.00,447.50,1.7,63613,1
17/03/2020,442.50,442.50,435.00,440.00,-0.565,75655,1
16/03/2020,475.00,475.00,442.50,442.50,-9.69,47439,1
13/03/2020,480.00,490.00,480.00,490.00,2.08,56808,1
12/03/2020,490.00,490.00,477.50,480.00,-4.95,38895,1
11/03/2020,509.00,509.00,505.00,505.00,-0.786,59816,1
10/03/2020,509.00,509.00,509.00,509.00,-1.36,54616,1
09/03/2020,520.00,520.00,505.00,516.00,-2.64,48705,1
06/03/2020,530.00,530.00,525.00,530.00,-1.85,37433,1
05/03/2020,580.00,580.00,533.00,540.00,-6.9,26107,1
04/03/2020,580.00,580.00,580.00,580.00,0,17061,1
03/03/2020,575.00,580.00,575.00,580.00,1.4,63499,1
02/03/2020,542.00,572.00,542.00,572.00,5.54,36031,1
28/02/2020,550.00,550.00,518.00,542.00,-3.21,43532,1
27/02/2020,628.00,628.00,555.00,560.00,-11.4,36302,1
26/02/2020,663.00,663.00,615.00,632.00,-4.68,30140,1
25/02/2020,660.00,663.00,660.00,663.00,0.455,39968,1
24/02/2020,662.00,662.00,660.00,660.00,-0.302,85656,1
21/02/2020,662.00,662.00,662.00,662.00,0.303,29842,1
20/02/2020,655.00,660.00,655.00,660.00,1.54,28794,1
19/02/2020,622.00,650.00,622.00,650.00,4.5,75887,1
18/02/2020,623.00,625.00,615.00,622.00,-0.955,31540,1
17/02/2020,637.00,637.00,628.00,628.00,-1.41,23375,1
14/02/2020,617.00,637.00,617.00,637.00,-3.48,87191,1
13/02/2020,641.00,660.00,615.00,660.00,2.96,52762,1
12/02/2020,652.00,652.00,640.00,641.00,-2.14,32772,1
11/02/2020,700.00,700.00,655.00,655.00,-6.43,104100,1
10/02/2020,740.00,740.00,700.00,700.00,-5.41,317588,1
07/02/2020,740.00,740.00,740.00,740.00,1.37,136228,1
06/02/2020,740.00,740.00,730.00,730.00,-1.35,443821,1
05/02/2020,740.00,740.00,740.00,740.00,0,1417987,1
04/02/2020,740.00,740.00,740.00,740.00,0,1202776,1
03/02/2020,735.00,740.00,735.00,740.00,0.68,203733,1
31/01/2020,732.00,735.00,730.00,735.00,0.41,59397,1
30/01/2020,732.00,732.00,732.00,732.00,0,408549,1
29/01/2020,716.00,732.00,716.00,732.00,2.38,55375,1
28/01/2020,710.00,715.00,710.00,715.00,0.704,15146,1
27/01/2020,710.00,710.00,710.00,710.00,0,435778,1
24/01/2020,710.00,710.00,710.00,710.00,-0.141,29972,1
23/01/2020,722.00,722.00,711.00,711.00,-1.52,23370,1
22/01/2020,710.00,722.00,710.00,722.00,1.69,88346,1
21/01/2020,710.00,710.00,710.00,710.00,0,33844,1
20/01/2020,710.00,710.00,710.00,710.00,0,745731,1
17/01/2020,710.00,710.00,710.00,710.00,0.567,29631,1
16/01/2020,687.00,706.00,687.00,706.00,2.77,56176,1
15/01/2020,673.00,693.00,673.00,687.00,2.08,22920,1
14/01/2020,675.00,675.00,673.00,673.00,-0.296,548353,1
13/01/2020,675.00,677.00,675.00,675.00,0,23240,1
10/01/2020,675.00,675.00,675.00,675.00,0,14408,1
09/01/2020,670.00,675.00,670.00,675.00,0.446,70829,1
08/01/2020,672.00,672.00,672.00,672.00,0,17920,1
07/01/2020,673.00,673.00,668.00,672.00,-0.149,12012,1
06/01/2020,662.00,675.00,660.00,673.00,1.66,23843,1
03/01/2020,668.00,679.00,662.00,662.00,-0.898,27266,1
02/01/2020,648.00,668.00,648.00,668.00,3.09,56965,1
31/12/2019,647.00,652.00,647.00,648.00,0.155,6939,1
30/12/2019,630.00,647.00,630.00,647.00,3.03,12254,1
27/12/2019,628.00,628.00,628.00,628.00,0.319,3686,1
24/12/2019,626.00,626.00,626.00,626.00,0,5,1
23/12/2019,603.00,626.00,603.00,626.00,3.81,9852,1
20/12/2019,590.00,603.00,590.00,603.00,-1.63,41106,1
19/12/2019,615.00,620.00,606.00,613.00,2.51,120164,1
18/12/2019,608.00,608.00,598.00,598.00,-1.64,21500,1
17/12/2019,608.00,608.00,608.00,608.00,0,180486,1
16/12/2019,608.00,608.00,608.00,608.00,0,17091,1
13/12/2019,606.00,608.00,606.00,608.00,0.33,51709,1
12/12/2019,606.00,606.00,606.00,606.00,0,12220,1
11/12/2019,604.00,606.00,604.00,606.00,1.34,28743,1
10/12/2019,598.00,598.00,598.00,598.00,0,35015,1
09/12/2019,596.00,598.00,596.00,598.00,0.336,9492,1
06/12/2019,598.00,598.00,596.00,596.00,-0.501,22609,1
05/12/2019,590.00,599.00,590.00,599.00,1.53,13552,1
04/12/2019,590.00,590.00,590.00,590.00,0,10447,1
03/12/2019,590.00,590.00,590.00,590.00,0,8923,1
02/12/2019,589.00,590.00,589.00,590.00,0.17,123290,1
29/11/2019,589.00,589.00,589.00,589.00,-3.44,1373,1
28/11/2019,585.00,610.00,585.00,610.00,4.27,40912,1
27/11/2019,577.00,585.00,577.00,585.00,0.862,14967,1
26/11/2019,580.00,580.00,580.00,580.00,0,146441,1
25/11/2019,572.00,580.00,572.00,580.00,1.75,13668,1
22/11/2019,572.00,572.00,570.00,570.00,0,36924,1
21/11/2019,545.00,570.00,545.00,570.00,4.59,36815,1
20/11/2019,545.00,545.00,545.00,545.00,0,12236,1
19/11/2019,580.00,580.00,528.00,545.00,-7.78,724694,1
18/11/2019,583.00,595.00,583.00,591.00,1.72,43401,1
15/11/2019,581.00,581.00,581.00,581.00,0,6944,1
14/11/2019,581.00,581.00,581.00,581.00,0.345,2641,1
13/11/2019,579.00,579.00,579.00,579.00,0,176915,1
12/11/2019,564.00,585.00,564.00,579.00,2.66,53188,1
11/11/2019,564.00,564.00,564.00,564.00,0,3998,1
08/11/2019,562.00,564.00,562.00,564.00,0.356,12487,1
07/11/2019,562.00,562.00,562.00,562.00,0,82909,1
06/11/2019,565.00,565.00,560.00,562.00,-0.531,213269,1
05/11/2019,565.00,565.00,565.00,565.00,0,31440,1
04/11/2019,554.00,565.00,554.00,565.00,1.99,158200,1
01/11/2019,554.00,554.00,554.00,554.00,0,21930,1
31/10/2019,556.00,556.00,554.00,554.00,-0.36,5530,1
30/10/2019,556.00,556.00,556.00,556.00,0,10440,1
29/10/2019,556.00,556.00,556.00,556.00,0,19240,1
28/10/2019,556.00,556.00,556.00,556.00,0,6330,1
25/10/2019,556.00,556.00,556.00,556.00,0,1422,1
24/10/2019,556.00,556.00,556.00,556.00,0,971,1
23/10/2019,556.00,556.00,556.00,556.00,0,6760,1
22/10/2019,556.00,556.00,556.00,556.00,0,4950,1
21/10/2019,556.00,556.00,556.00,556.00,0,44000,1
18/10/2019,553.00,556.00,553.00,556.00,0.542,5680,1
17/10/2019,557.00,557.00,553.00,553.00,-0.718,10950,1
16/10/2019,549.00,559.00,542.00,557.00,3.15,141600,1
15/10/2019,549.00,549.00,540.00,540.00,-1.64,11540,1
14/10/2019,553.00,553.00,549.00,549.00,-0.723,13770,1
11/10/2019,553.00,553.00,553.00,553.00,0,6921,1
10/10/2019,553.00,553.00,553.00,553.00,0,166830,1
09/10/2019,553.00,553.00,553.00,553.00,0,12620,1
08/10/2019,553.00,553.00,553.00,553.00,0,225772,1
07/10/2019,553.00,553.00,553.00,553.00,0.363,15320,1
04/10/2019,551.00,551.00,551.00,551.00,0.182,6935,1
03/10/2019,562.00,562.00,546.00,550.00,-2.14,28036,1
02/10/2019,575.00,575.00,562.00,562.00,-2.26,17900,1
01/10/2019,560.00,575.00,560.00,575.00,2.68,30259,1
30/09/2019,560.00,560.00,560.00,560.00,0,10739,1
27/09/2019,560.00,560.00,560.00,560.00,0,14598,1
26/09/2019,560.00,560.00,560.00,560.00,-1.41,8827,1
25/09/2019,561.00,568.00,560.00,568.00,1.25,12402,1
24/09/2019,559.00,565.00,559.00,561.00,0.358,40451,1
23/09/2019,557.00,559.00,557.00,559.00,0.359,8003,1
20/09/2019,556.00,559.00,556.00,557.00,0.18,68389,1
19/09/2019,559.00,559.00,556.00,556.00,-0.537,13123,1
18/09/2019,559.00,559.00,559.00,559.00,0,179349,1
17/09/2019,558.00,564.00,558.00,559.00,0.179,7907,1
16/09/2019,545.00,558.00,545.00,558.00,2.39,50838,1
13/09/2019,540.00,545.00,530.00,545.00,2.83,44292,1
12/09/2019,520.00,535.00,520.00,530.00,6.43,30729,1
11/09/2019,498.00,498.00,498.00,498.00,0,5805,1
10/09/2019,498.00,498.00,498.00,498.00,0.201,1544,1
09/09/2019,505.00,505.00,497.00,497.00,-1.58,27678,1
06/09/2019,486.00,505.00,486.00,505.00,4.12,18150,1
05/09/2019,475.00,489.50,475.00,485.00,3.74,26654,1
04/09/2019,460.00,467.50,460.00,467.50,1.63,15135,1
03/09/2019,460.00,460.00,460.00,460.00,0,10708,1
02/09/2019,462.50,462.50,460.00,460.00,0,28271,1
30/08/2019,452.50,460.00,452.50,460.00,1.66,19072,1
29/08/2019,450.00,452.50,450.00,452.50,0.556,8677,1
28/08/2019,447.50,450.00,447.50,450.00,0.559,10706,1
27/08/2019,447.50,447.50,447.50,447.50,0,17812,1
23/08/2019,447.50,447.50,447.50,447.50,0,30211,1
22/08/2019,447.50,447.50,447.50,447.50,0,3652,1
21/08/2019,447.50,447.50,447.50,447.50,0,7822,1
20/08/2019,442.50,447.50,442.50,447.50,1.13,5247,1
19/08/2019,442.50,442.50,442.50,442.50,0,8325,1
16/08/2019,425.00,442.50,425.00,442.50,4.12,58279,1
15/08/2019,452.50,452.50,425.00,425.00,-6.08,129389,1
14/08/2019,452.50,452.50,452.50,452.50,0,129289,1
13/08/2019,472.50,472.50,452.50,452.50,-4.74,157308,1
12/08/2019,475.00,475.00,475.00,475.00,0,14699,1
09/08/2019,490.00,490.00,475.00,475.00,-3.06,26868,1
08/08/2019,490.00,490.00,490.00,490.00,0,33852,1
07/08/2019,491.00,491.00,490.00,490.00,-0.204,19433,1
06/08/2019,502.00,502.00,485.00,491.00,-2.77,42397,1
05/08/2019,514.00,514.00,497.00,505.00,-1.75,23383,1
02/08/2019,513.00,514.00,513.00,514.00,0.195,11002,1
01/08/2019,506.00,513.00,506.00,513.00,1.38,14303,1
31/07/2019,517.00,517.00,494.00,506.00,-2.13,36805,1
30/07/2019,517.00,517.00,517.00,517.00,0,143840,1
29/07/2019,519.00,519.00,517.00,517.00,-0.385,68295,1
26/07/2019,519.00,519.00,519.00,519.00,-0.192,3666,1
25/07/2019,520.00,520.00,520.00,520.00,0,49787,1
24/07/2019,526.00,526.00,520.00,520.00,-1.14,27913,1
23/07/2019,526.00,526.00,526.00,526.00,0,13882,1
22/07/2019,526.00,526.00,526.00,526.00,0,370218,1
19/07/2019,526.00,526.00,526.00,526.00,0,11992,1
18/07/2019,526.00,526.00,526.00,526.00,0,5773,1
17/07/2019,526.00,526.00,526.00,526.00,0,16123,1
16/07/2019,521.00,526.00,521.00,526.00,0.96,23525,1
15/07/2019,521.00,521.00,521.00,521.00,0,10521,1
12/07/2019,521.00,521.00,521.00,521.00,0,4299,1
11/07/2019,521.00,521.00,521.00,521.00,0,1991,1
10/07/2019,521.00,521.00,521.00,521.00,0,439837,1
09/07/2019,530.00,530.00,518.00,521.00,-1.7,20919,1
08/07/2019,530.00,530.00,530.00,530.00,0,13614,1
05/07/2019,530.00,530.00,530.00,530.00,0,7807,1
04/07/2019,530.00,530.00,530.00,530.00,0,15244,1
03/07/2019,530.00,530.00,530.00,530.00,-0.935,3722,1
02/07/2019,535.00,535.00,530.00,535.00,0,10317,1
01/07/2019,537.00,537.00,535.00,535.00,-0.372,34999,1
28/06/2019,537.00,537.00,537.00,537.00,0,429971,1
27/06/2019,537.00,537.00,537.00,537.00,0,14609,1
26/06/2019,537.00,537.00,537.00,537.00,0,248585,1
25/06/2019,537.00,537.00,537.00,537.00,0,1683,1
24/06/2019,537.00,537.00,537.00,537.00,0,185300,1
21/06/2019,537.00,537.00,537.00,537.00,0,6595,1
20/06/2019,537.00,537.00,537.00,537.00,0,4159,1
19/06/2019,537.00,537.00,537.00,537.00,0,1096,1
18/06/2019,537.00,537.00,537.00,537.00,0,385404,1
17/06/2019,537.00,537.00,537.00,537.00,0,7213,1
14/06/2019,537.00,537.00,537.00,537.00,0,4024,1
13/06/2019,541.00,541.00,537.00,537.00,-0.739,4599,1
12/06/2019,548.00,548.00,541.00,541.00,-1.28,25597,1
11/06/2019,548.00,548.00,548.00,548.00,0,732720,1
10/06/2019,548.00,548.00,548.00,548.00,0,405154,1
07/06/2019,550.00,551.00,548.00,548.00,-0.364,56462,1
06/06/2019,560.00,570.00,539.00,550.00,-1.79,737804,1
05/06/2019,546.00,560.00,546.00,560.00,2.56,25699,1
04/06/2019,536.00,546.00,536.00,546.00,1.87,73764,1
03/06/2019,537.00,537.00,534.00,536.00,-0.186,6066,1
31/05/2019,536.00,537.00,536.00,537.00,0.187,17742,1
30/05/2019,526.00,536.00,526.00,536.00,1.9,9965,1
29/05/2019,526.00,526.00,526.00,526.00,0,178916,1
28/05/2019,526.00,526.00,526.00,526.00,0,2559,1
24/05/2019,526.00,526.00,526.00,526.00,0,4758,1
23/05/2019,528.00,528.00,526.00,526.00,0,250679,1
22/05/2019,526.00,526.00,526.00,526.00,0,307578,1
21/05/2019,515.00,526.00,515.00,526.00,2.14,11916,1
20/05/2019,508.00,515.00,508.00,515.00,2.18,16270,1
17/05/2019,507.00,508.00,504.00,504.00,-0.592,38567,1
16/05/2019,507.00,507.00,507.00,507.00,0,9828,1
15/05/2019,511.00,511.00,507.00,507.00,-0.783,11679,1
14/05/2019,511.00,511.00,511.00,511.00,0,44073,1
13/05/2019,511.00,511.00,511.00,511.00,0,111060,1
10/05/2019,511.00,511.00,511.00,511.00,-0.195,159560,1
09/05/2019,510.00,512.00,510.00,512.00,0.787,416331,1
08/05/2019,508.00,508.00,508.00,508.00,0,10140,1
07/05/2019,510.00,510.00,508.00,508.00,-0.392,169126,1
03/05/2019,510.00,510.00,510.00,510.00,0,35987,1
02/05/2019,502.00,513.00,502.00,510.00,1.59,53645,1
01/05/2019,495.00,502.00,495.00,502.00,1.41,213872,1
30/04/2019,528.00,528.00,490.00,495.00,-4.26,47640,1
29/04/2019,489.00,525.00,489.00,517.00,5.73,162010,1
26/04/2019,481.50,495.00,481.50,489.00,2.09,29728,1
25/04/2019,477.00,479.00,475.00,479.00,0.419,19343,1
24/04/2019,472.50,477.00,470.00,477.00,0.952,23235,1
23/04/2019,466.00,472.50,466.00,472.50,1.39,21369,1
18/04/2019,489.50,489.50,462.50,466.00,-4.8,67635,1
17/04/2019,500.00,500.00,489.50,489.50,-2.1,42684,1
16/04/2019,505.00,505.00,500.00,500.00,-0.99,41486,1
15/04/2019,490.00,505.00,490.00,505.00,3.06,559717,1
12/04/2019,490.00,490.00,490.00,490.00,0,13615,1
11/04/2019,490.00,490.00,490.00,490.00,0,65933,1
10/04/2019,480.50,492.00,480.50,490.00,2.19,52288,1
09/04/2019,479.50,479.50,479.50,479.50,0,18225,1
08/04/2019,471.50,480.00,471.50,479.50,0.947,98210,1
05/04/2019,470.00,475.00,470.00,475.00,1.06,13753,1
04/04/2019,462.50,470.00,460.00,470.00,3.98,374119,1
03/04/2019,469.00,469.00,452.00,452.00,-3.83,20257,1
02/04/2019,470.00,470.00,470.00,470.00,0,20969,1
01/04/2019,482.50,482.50,470.00,470.00,-2.59,25590,1
29/03/2019,482.50,482.50,482.50,482.50,0,38035,1
28/03/2019,482.50,482.50,482.50,482.50,0,5606,1
27/03/2019,482.50,482.50,482.50,482.50,0,17868,1
26/03/2019,482.50,482.50,482.50,482.50,0,19406,1
25/03/2019,487.00,487.00,475.00,482.50,-0.924,20788,1
22/03/2019,482.50,487.00,482.50,487.00,0.933,7015,1
21/03/2019,499.00,499.00,477.50,482.50,-3.69,34642,1
20/03/2019,524.00,524.00,501.00,501.00,-4.39,64139,1
19/03/2019,533.00,533.00,523.00,524.00,1.35,32445,1
18/03/2019,522.00,522.00,517.00,517.00,-0.958,23159,1
15/03/2019,520.00,524.00,520.00,522.00,0.385,36879,1
14/03/2019,524.00,524.00,520.00,520.00,-0.763,238365,1
13/03/2019,510.00,524.00,510.00,524.00,2.75,129855,1
12/03/2019,505.00,510.00,505.00,510.00,1.39,14447,1
11/03/2019,498.00,503.00,498.00,503.00,1,63693,1
08/03/2019,491.50,498.00,491.50,498.00,2.68,28346,1
07/03/2019,487.50,487.50,485.00,485.00,-0.513,315473,1
06/03/2019,465.00,487.50,465.00,487.50,4.84,40054,1
05/03/2019,456.50,465.00,456.50,465.00,1.86,64456,1
04/03/2019,455.00,456.50,455.00,456.50,0.33,50502,1
01/03/2019,451.50,455.00,451.50,455.00,0.775,281177,1
28/02/2019,452.50,452.50,446.50,451.50,-0.221,61666,1
27/02/2019,455.00,456.00,452.50,452.50,-0.549,932143,1
26/02/2019,464.00,464.00,455.00,455.00,-1.94,87584,1
25/02/2019,482.50,482.50,464.00,464.00,-3.83,25295,1
22/02/2019,492.50,492.50,482.50,482.50,-0.207,22888,1
21/02/2019,508.00,508.00,483.50,483.50,-5.2,26750,1
20/02/2019,512.00,512.00,510.00,510.00,-0.391,15544,1
19/02/2019,512.00,512.00,512.00,512.00,0.787,606283,1
18/02/2019,514.00,514.00,508.00,508.00,-0.781,6428,1
15/02/2019,512.00,512.00,510.00,512.00,0,7939,1
14/02/2019,512.00,512.00,512.00,512.00,0,69008,1
13/02/2019,510.00,512.00,510.00,512.00,0.392,15741,1
12/02/2019,510.00,510.00,510.00,510.00,0,323124,1
11/02/2019,510.00,510.00,510.00,510.00,0,5871,1
08/02/2019,514.00,514.00,510.00,510.00,-0.778,3024,1
07/02/2019,518.00,518.00,514.00,514.00,-0.772,10349,1
06/02/2019,510.00,518.00,510.00,518.00,1.57,77489,1
05/02/2019,510.00,510.00,510.00,510.00,0,8715,1
04/02/2019,508.00,510.00,508.00,510.00,0.394,1369,1
01/02/2019,506.00,509.00,506.00,508.00,0.395,29124,1
31/01/2019,506.00,506.00,506.00,506.00,0,14778,1
30/01/2019,508.00,508.00,506.00,506.00,-0.394,8774,1
29/01/2019,508.00,509.00,508.00,508.00,0,21924,1
28/01/2019,500.00,508.00,500.00,508.00,1.6,92002,1
25/01/2019,500.00,500.00,500.00,500.00,0,11395,1
24/01/2019,500.00,500.00,500.00,500.00,0.604,1955661,1
23/01/2019,497.00,497.00,497.00,497.00,0,48156,1
22/01/2019,497.00,497.00,497.00,497.00,-0.401,46338,1
21/01/2019,515.00,515.00,499.00,499.00,-3.11,15615,1
18/01/2019,510.00,522.00,510.00,515.00,0.98,32393,1
17/01/2019,510.00,510.00,510.00,510.00,0,33453,1
16/01/2019,516.00,516.00,510.00,510.00,-1.16,84048,1
15/01/2019,516.00,516.00,516.00,516.00,0,70130,1
14/01/2019,504.00,516.00,504.00,516.00,2.38,508893,1
11/01/2019,490.00,504.00,490.00,504.00,2.86,21104,1
10/01/2019,490.00,490.00,490.00,490.00,0,34899,1
09/01/2019,472.50,490.00,472.50,490.00,3.7,31875,1
08/01/2019,472.50,472.50,472.50,472.50,0,42093,1
07/01/2019,472.50,472.50,472.50,472.50,1.61,5980,1
04/01/2019,472.50,472.50,465.00,465.00,-1.9,55241,1
03/01/2019,475.00,475.00,474.00,474.00,-0.211,6006,1
02/01/2019,475.00,475.00,475.00,475.00,0,80392,1
31/12/2018,475.00,475.00,475.00,475.00,0,17164,1
28/12/2018,470.00,475.00,470.00,475.00,1.06,2947,1
27/12/2018,470.00,470.00,470.00,470.00,-0.529,4440,1
24/12/2018,472.50,472.50,472.50,472.50,0,20985,1
21/12/2018,490.00,503.00,472.50,472.50,0,50057,1
20/12/2018,480.00,480.00,465.00,472.50,-1.56,11060,1
19/12/2018,450.00,480.00,450.00,480.00,6.67,20121,1
18/12/2018,452.50,452.50,447.50,450.00,-0.552,43406,1
17/12/2018,452.50,452.50,452.50,452.50,0,230171,1
14/12/2018,452.50,452.50,452.50,452.50,0,4592,1
13/12/2018,452.50,452.50,452.50,452.50,0,5275,1
12/12/2018,452.50,452.50,452.50,452.50,0,257868,1
11/12/2018,455.00,455.00,452.50,452.50,-0.549,12253,1
10/12/2018,455.00,455.00,455.00,455.00,0,36503,1
07/12/2018,455.00,455.00,455.00,455.00,0,46164,1
06/12/2018,467.50,467.50,455.00,455.00,-2.67,47357,1
05/12/2018,467.50,467.50,467.50,467.50,0,15261,1
04/12/2018,485.00,485.00,467.50,467.50,-3.61,238605,1
03/12/2018,470.00,485.00,470.00,485.00,3.19,19470,1
30/11/2018,467.50,470.00,467.50,470.00,0.535,17223,1
29/11/2018,450.00,467.50,450.00,467.50,5.06,40661,1
28/11/2018,445.00,445.00,445.00,445.00,0,81672,1
27/11/2018,445.00,445.00,445.00,445.00,0,11963,1
26/11/2018,445.00,445.00,445.00,445.00,0,217370,1
23/11/2018,445.00,445.00,445.00,445.00,0,145044,1
22/11/2018,435.00,445.00,435.00,445.00,2.3,32976,1
21/11/2018,432.50,435.00,432.50,435.00,0.578,6638,1
20/11/2018,432.50,435.00,427.50,432.50,2.61,191564,1
19/11/2018,425.00,425.00,421.50,421.50,-0.824,63064,1
16/11/2018,430.00,430.00,425.00,425.00,-1.16,9754,1
15/11/2018,430.00,430.00,430.00,430.00,0,14887,1
14/11/2018,427.50,430.00,427.50,430.00,0.585,9102,1
13/11/2018,430.00,430.00,427.50,427.50,-0.581,8178,1
12/11/2018,420.00,430.00,420.00,430.00,2.38,117831,1
09/11/2018,420.00,420.00,420.00,420.00,0,2659,1
08/11/2018,427.50,427.50,420.00,420.00,-1.75,22962,1
07/11/2018,430.00,440.00,427.50,427.50,-0.581,126987,1
06/11/2018,415.00,430.00,415.00,430.00,3.61,15889,1
05/11/2018,402.50,415.00,402.50,415.00,3.11,2161,1
02/11/2018,390.00,402.50,390.00,402.50,5.23,8219,1
01/11/2018,382.50,382.50,382.50,382.50,0,770,1
31/10/2018,382.50,382.50,382.50,382.50,0,5771,1
30/10/2018,382.50,382.50,382.50,382.50,0,10533,1
29/10/2018,382.50,385.00,382.50,382.50,-1.92,226993,1
26/10/2018,387.50,390.00,382.50,390.00,0.645,27411,1
25/10/2018,387.50,387.50,370.00,387.50,0,19001,1
24/10/2018,387.50,387.50,387.50,387.50,0,32656,1
23/10/2018,395.00,395.00,385.00,387.50,-1.9,30575,1
22/10/2018,405.00,410.00,392.50,395.00,-2.47,51372,1
19/10/2018,412.50,412.50,405.00,405.00,-1.82,15228,1
18/10/2018,410.00,412.50,410.00,412.50,0.61,102587,1
17/10/2018,410.00,410.00,410.00,410.00,0,42615,1
16/10/2018,410.00,412.50,410.00,410.00,0,145659,1
15/10/2018,397.50,410.00,387.50,410.00,3.14,471495,1
12/10/2018,362.50,397.50,362.50,397.50,9.2,37789,1
11/10/2018,367.50,367.50,357.50,364.00,-2.28,212320,1
10/10/2018,372.50,372.50,372.50,372.50,0,247927,1
09/10/2018,394.00,394.00,352.50,372.50,-5.46,104333,1
08/10/2018,422.50,422.50,383.50,394.00,-6.75,109965,1
05/10/2018,422.50,422.50,422.50,422.50,0,17057,1
04/10/2018,422.50,422.50,422.50,422.50,0,309165,1
03/10/2018,432.50,432.50,412.50,422.50,-2.31,36667,1
02/10/2018,437.50,437.50,432.50,432.50,-1.14,127530,1
01/10/2018,440.00,440.00,435.00,437.50,-0.568,19772,1
28/09/2018,440.00,440.00,440.00,440.00,0,7280,1
27/09/2018,440.00,440.00,440.00,440.00,0,2574,1
26/09/2018,440.00,440.00,440.00,440.00,0,8325,1
25/09/2018,440.00,440.00,440.00,440.00,0.571,14342,1
24/09/2018,435.00,437.50,435.00,437.50,0.575,87683,1
21/09/2018,432.50,435.00,432.50,435.00,0.578,6951,1
20/09/2018,415.00,435.00,415.00,432.50,5.49,22291,1
19/09/2018,412.50,415.00,410.00,410.00,0,42145,1
18/09/2018,460.00,460.00,406.00,410.00,-8.38,118101,1
17/09/2018,441.50,452.50,439.00,447.50,1.7,27519,1
14/09/2018,441.50,441.50,439.00,440.00,-0.34,30904,1
13/09/2018,446.50,447.50,441.50,441.50,-1.12,38003,1
12/09/2018,457.50,457.50,440.00,446.50,-2.4,283347,1
11/09/2018,475.00,475.00,457.50,457.50,-3.68,34857,1
10/09/2018,473.50,475.00,473.50,475.00,0.317,4403,1
07/09/2018,483.00,483.00,472.50,473.50,-1.97,42931,1
06/09/2018,482.00,483.00,482.00,483.00,0.207,140901,1
05/09/2018,496.00,496.00,482.00,482.00,-3.21,73629,1
04/09/2018,504.00,504.00,498.00,498.00,-1.19,54240,1
03/09/2018,504.00,504.00,504.00,504.00,0,26181,1
31/08/2018,504.00,504.00,504.00,504.00,0,236187,1
30/08/2018,495.00,505.00,495.00,504.00,2.34,108206,1
29/08/2018,469.00,492.50,469.00,492.50,5.01,137338,1
28/08/2018,471.50,471.50,469.00,469.00,-0.53,19215,1
24/08/2018,469.00,471.50,469.00,471.50,0.533,8201,1
23/08/2018,459.00,471.50,459.00,469.00,2.18,50116,1
22/08/2018,456.50,459.00,456.50,459.00,0.548,8937,1
21/08/2018,459.00,459.00,455.00,456.50,-0.545,13329,1
20/08/2018,459.00,459.00,459.00,459.00,0,8910,1
17/08/2018,462.50,462.50,457.50,459.00,-0.757,8231,1
16/08/2018,462.50,462.50,462.50,462.50,0,1474,1
15/08/2018,472.50,477.50,457.50,462.50,-2.12,36679,1
14/08/2018,485.00,485.00,470.00,472.50,-2.58,28933,1
13/08/2018,482.50,485.00,482.50,485.00,0.518,20142,1
10/08/2018,482.50,482.50,482.50,482.50,0,23218,1
09/08/2018,480.00,482.50,480.00,482.50,0.521,110745,1
08/08/2018,462.50,482.50,462.50,480.00,3.78,85112,1
07/08/2018,460.00,462.50,460.00,462.50,0.543,4046,1
06/08/2018,452.50,460.00,451.00,460.00,2.22,11279,1
03/08/2018,449.00,450.00,447.50,450.00,0.223,12190,1
02/08/2018,455.00,455.00,449.00,449.00,-1.32,31862,1
01/08/2018,460.00,460.00,455.00,455.00,-1.09,6741,1
31/07/2018,460.00,462.50,460.00,460.00,0,7755,1
30/07/2018,452.50,460.00,452.50,460.00,1.66,11463,1
27/07/2018,432.50,452.50,432.50,452.50,4.62,27786,1
26/07/2018,431.50,432.50,426.00,432.50,0.232,41644,1
25/07/2018,451.50,451.50,422.50,431.50,-4.43,83771,1
24/07/2018,457.50,457.50,451.50,451.50,-1.31,9974,1
23/07/2018,457.50,457.50,457.50,457.50,0,8073,1
20/07/2018,461.50,461.50,457.50,457.50,-0.867,8230,1
19/07/2018,461.50,462.50,461.50,461.50,0,13089,1
18/07/2018,464.00,464.00,461.50,461.50,-0.539,10634,1
17/07/2018,464.00,464.00,464.00,464.00,0,10010,1
16/07/2018,467.50,467.50,464.00,464.00,-0.749,21575,1
13/07/2018,457.50,469.50,457.50,467.50,2.19,28308,1
12/07/2018,455.00,457.50,455.00,457.50,0.549,22053,1
11/07/2018,470.00,470.00,455.00,455.00,-3.19,28062,1
10/07/2018,470.00,470.00,470.00,470.00,0,23799,1
09/07/2018,477.50,477.50,470.00,470.00,-1.57,12204,1
06/07/2018,477.50,477.50,477.50,477.50,0,4413,1
05/07/2018,477.50,477.50,477.50,477.50,0,6847,1
04/07/2018,477.50,477.50,477.50,477.50,0,13586,1
03/07/2018,465.00,477.50,465.00,477.50,2.69,351541,1
02/07/2018,465.00,465.00,465.00,465.00,0,21883,1
29/06/2018,465.00,465.00,465.00,465.00,0,15216,1
28/06/2018,465.00,465.00,462.50,465.00,0,1391,1
27/06/2018,467.50,467.50,465.00,465.00,-0.535,23585,1
26/06/2018,460.50,467.50,460.50,467.50,1.52,7466,1
25/06/2018,460.50,460.50,460.50,460.50,0,3118,1
22/06/2018,460.50,460.50,457.50,460.50,0,12299,1
21/06/2018,460.50,460.50,460.50,460.50,0,19291,1
20/06/2018,460.50,460.50,460.50,460.50,0,32106,1
19/06/2018,463.00,463.00,460.50,460.50,-1.81,17250,1
18/06/2018,470.50,470.50,463.00,469.00,-0.636,26924,1
15/06/2018,485.00,488.00,469.00,472.00,-2.68,54448,1
14/06/2018,485.00,485.00,485.00,485.00,0,26084,1
13/06/2018,480.00,485.00,480.00,485.00,1.04,65595,1
12/06/2018,480.00,480.00,480.00,480.00,0,29447,1
11/06/2018,480.00,480.00,480.00,480.00,0,38811,1
08/06/2018,480.00,480.00,480.00,480.00,0,20390,1
07/06/2018,477.50,482.50,475.00,480.00,0.524,21594,1
06/06/2018,477.50,477.50,477.50,477.50,0,19571,1
05/06/2018,477.50,477.50,477.50,477.50,0,10114,1
04/06/2018,477.50,477.50,477.50,477.50,0,2058,1
01/06/2018,477.50,477.50,477.50,477.50,0,171076,1
31/05/2018,477.50,477.50,477.50,477.50,0,91911,1
30/05/2018,475.50,477.50,475.50,477.50,0.421,11978,1
29/05/2018,475.50,475.50,475.50,475.50,0.848,149873,1
25/05/2018,471.50,471.50,471.50,471.50,0,4904,1
24/05/2018,471.50,471.50,471.50,471.50,0,7417,1
23/05/2018,472.20,474.00,471.50,471.50,0,73059,1
22/05/2018,471.50,471.50,471.50,471.50,0,12012,1
21/05/2018,471.50,471.50,471.50,471.50,0,15864,1
18/05/2018,470.00,474.00,469.00,471.50,0.319,8799,1
17/05/2018,472.50,472.50,470.00,470.00,-0.529,132491,1
16/05/2018,475.00,475.00,472.50,472.50,-0.526,27359,1
15/05/2018,475.00,475.00,475.00,475.00,0,44457,1
14/05/2018,471.50,475.00,471.50,475.00,0.742,58082,1
11/05/2018,475.00,475.00,470.00,471.50,-1.26,34568,1
10/05/2018,479.00,479.00,477.50,477.50,-0.313,34489,1
09/05/2018,480.00,480.00,479.00,479.00,-0.208,20137,1
08/05/2018,482.50,482.50,480.00,480.00,-0.104,247597,1
04/05/2018,486.00,486.00,480.50,480.50,-1.13,51067,1
03/05/2018,484.00,486.00,484.00,486.00,0.206,171411,1
02/05/2018,473.50,485.00,472.50,485.00,2.43,120849,1
01/05/2018,465.00,475.00,465.00,473.50,1.83,57649,1
30/04/2018,455.00,465.00,455.00,465.00,2.2,34059,1
27/04/2018,442.50,455.00,442.50,455.00,2.82,100098,1
26/04/2018,440.00,442.50,440.00,442.50,0.568,45543,1
25/04/2018,442.50,447.50,440.00,440.00,0,83686,1
24/04/2018,430.00,442.50,430.00,440.00,7.32,513023,1
23/04/2018,442.50,442.50,410.00,410.00,-7.34,123659,1
20/04/2018,445.00,445.00,442.50,442.50,-0.562,6347,1
19/04/2018,440.00,445.00,440.00,445.00,2.3,48619,1
18/04/2018,440.00,440.00,435.00,435.00,-1.14,51786,1
17/04/2018,440.00,440.00,440.00,440.00,0,15866,1
16/04/2018,440.00,440.00,440.00,440.00,0,174274,1
13/04/2018,435.00,440.00,435.00,440.00,1.15,140505,1
12/04/2018,455.00,455.00,426.50,435.00,-4.4,101148,1
11/04/2018,460.00,460.00,455.00,455.00,-1.09,14375,1
10/04/2018,460.00,460.00,460.00,460.00,0,40069,1
09/04/2018,480.00,480.50,460.00,460.00,-4.47,57542,1
06/04/2018,481.50,481.50,481.50,481.50,0,101381,1
05/04/2018,473.00,481.50,473.00,481.50,1.8,41106,1
04/04/2018,472.50,489.50,468.50,473.00,0.106,67103,1
03/04/2018,462.50,472.50,462.50,472.50,2.72,18502,1
29/03/2018,455.00,462.50,455.00,460.00,1.1,1173509,1
28/03/2018,460.00,460.00,455.00,455.00,-1.09,13561,1
27/03/2018,432.50,462.50,432.50,460.00,6.36,70339,1
26/03/2018,432.50,432.50,432.50,432.50,0,6724,1
23/03/2018,437.50,437.50,432.50,432.50,-1.14,140900,1
22/03/2018,440.00,440.00,437.50,437.50,-0.568,1249785,1
21/03/2018,421.00,442.50,421.00,440.00,4.51,1058264,1
20/03/2018,405.00,425.00,405.00,421.00,3.95,30457,1
19/03/2018,407.50,407.50,405.00,405.00,-0.613,25207,1
16/03/2018,394.00,407.50,394.00,407.50,3.43,313841,1
15/03/2018,396.50,396.50,394.00,394.00,-0.631,54531,1
14/03/2018,405.00,405.00,396.50,396.50,-2.1,54032,1
13/03/2018,402.50,405.00,402.50,405.00,2.53,23632,1
12/03/2018,393.50,395.00,387.50,395.00,0.381,206254,1
09/03/2018,362.50,393.50,362.50,393.50,10.8,289719,1
08/03/2018,355.00,355.00,355.00,355.00,0,35441,1
07/03/2018,355.00,355.00,352.50,355.00,0,5500,1
06/03/2018,350.00,355.00,350.00,355.00,1.43,14230,1
05/03/2018,350.00,350.00,350.00,350.00,0,11529,1
02/03/2018,352.50,352.50,350.00,350.00,-0.709,4465,1
01/03/2018,352.50,352.50,352.50,352.50,-0.704,14479,1
28/02/2018,355.00,355.00,354.00,355.00,0,25015,1
27/02/2018,346.50,355.00,346.50,355.00,2.45,66831,1
26/02/2018,346.50,346.50,346.50,346.50,0,4286,1
23/02/2018,346.50,346.50,346.50,346.50,0,3394,1
22/02/2018,346.50,346.50,346.50,346.50,0,10138,1
21/02/2018,344.00,346.50,344.00,346.50,-1,19943,1
20/02/2018,349.50,350.00,344.00,350.00,0.143,253685,1
19/02/2018,346.00,349.50,346.00,349.50,1.01,97132,1
16/02/2018,345.00,346.00,339.50,346.00,1.76,33673,1
15/02/2018,342.50,345.00,340.00,340.00,-0.73,12071,1
14/02/2018,342.50,343.50,342.50,342.50,0,17722,1
13/02/2018,342.50,342.50,342.50,342.50,0,4274,1
12/02/2018,333.50,342.50,333.50,342.50,2.7,9773,1
09/02/2018,333.50,333.50,332.50,333.50,1.06,61187,1
08/02/2018,333.50,333.50,330.00,330.00,-1.05,1999,1
07/02/2018,326.00,337.50,326.00,333.50,2.3,70686,1
06/02/2018,335.00,335.00,323.00,326.00,-5.51,57966,1
05/02/2018,357.50,357.50,344.00,345.00,-3.5,47958,1
02/02/2018,356.00,357.50,356.00,357.50,0.421,26392,1
01/02/2018,355.00,356.00,355.00,356.00,0.282,3590,1
31/01/2018,355.00,355.00,355.00,355.00,0,182258,1
30/01/2018,355.00,355.00,355.00,355.00,0,13856,1
29/01/2018,355.00,355.00,355.00,355.00,0,10654,1
26/01/2018,355.00,355.00,353.50,355.00,0,1715384,1
25/01/2018,355.00,355.00,355.00,355.00,0,85594,1
24/01/2018,362.50,362.50,355.00,355.00,-2.34,34895,1
23/01/2018,365.00,365.00,363.50,363.50,-0.411,16443,1
22/01/2018,367.50,367.50,362.50,365.00,-0.68,97584,1
19/01/2018,366.00,367.50,366.00,367.50,0.41,56961,1
18/01/2018,366.00,366.00,366.00,366.00,0,43647,1
17/01/2018,347.50,366.00,345.00,366.00,5.32,870894,1
16/01/2018,333.50,347.50,333.50,347.50,4.2,242216,1
15/01/2018,331.00,333.50,331.00,333.50,0.755,42206,1
12/01/2018,331.00,331.00,331.00,331.00,0,9578,1
11/01/2018,340.00,340.00,331.00,331.00,-2.65,113192,1
10/01/2018,345.00,345.00,340.00,340.00,-0.293,100479,1
09/01/2018,341.00,341.00,341.00,341.00,0,86328,1
08/01/2018,333.50,345.00,333.50,341.00,2.25,84550,1
05/01/2018,330.00,337.50,330.00,333.50,1.06,348736,1
04/01/2018,325.00,330.00,325.00,330.00,1.54,178393,1
03/01/2018,325.00,325.00,325.00,325.00,0,32410,1
02/01/2018,320.50,325.00,317.50,325.00,1.4,23494,1
29/12/2017,320.50,320.50,320.50,320.50,0,,1
28/12/2017,322.50,322.50,320.50,320.50,-0.927,15939,1
27/12/2017,320.00,323.50,320.00,323.50,1.09,14683,1
22/12/2017,320.00,320.00,320.00,320.00,0,14462,1
21/12/2017,320.00,320.00,320.00,320.00,0,4130,1
20/12/2017,320.00,320.00,320.00,320.00,0,11806,1
19/12/2017,332.50,332.50,320.00,320.00,-3.76,27298,1
18/12/2017,320.00,332.50,320.00,332.50,5.56,13232,1
15/12/2017,320.00,320.00,315.00,315.00,-1.56,4835,1
14/12/2017,320.00,320.00,320.00,320.00,0,3833,1
13/12/2017,320.00,322.50,320.00,320.00,0,4014,1
12/12/2017,320.00,320.00,320.00,320.00,0,6706,1
11/12/2017,317.50,320.00,317.50,320.00,0.787,5469,1
08/12/2017,313.50,317.50,313.50,317.50,1.28,5487,1
07/12/2017,313.50,313.50,313.50,313.50,0,629,1
06/12/2017,315.00,315.00,313.50,313.50,-0.476,13266,1
05/12/2017,330.00,330.00,315.00,315.00,-4.55,15009,1
04/12/2017,332.50,332.50,330.00,330.00,-0.752,8099,1
01/12/2017,325.00,332.50,325.00,332.50,2.31,21036,1
30/11/2017,325.00,325.00,325.00,325.00,0.775,10050,1
29/11/2017,324.00,324.00,322.50,322.50,-0.463,15331,1
28/11/2017,324.00,324.00,324.00,324.00,0,7560,1
27/11/2017,322.50,325.00,322.50,324.00,0.465,9781,1
24/11/2017,321.00,325.00,321.00,322.50,0.467,7917,1
23/11/2017,321.00,323.50,321.00,321.00,1.1,16294,1
22/11/2017,312.50,320.00,312.50,317.50,1.6,30334,1
21/11/2017,322.50,324.00,307.50,312.50,3.31,30523,1
20/11/2017,309.00,309.00,302.50,302.50,-2.1,17687,1
17/11/2017,312.50,312.50,309.00,309.00,-1.12,192228,1
16/11/2017,312.50,312.50,312.50,312.50,0,5244,1
15/11/2017,317.50,317.50,312.50,312.50,-1.57,37205,1
14/11/2017,310.00,317.50,306.50,317.50,2.42,309931,1
13/11/2017,311.50,311.50,310.00,310.00,-0.482,29128,1
10/11/2017,310.00,311.50,310.00,311.50,0.484,12454,1
09/11/2017,305.00,312.50,305.00,310.00,1.64,45391,1
08/11/2017,293.50,305.00,293.50,305.00,3.92,843084,1
07/11/2017,292.50,293.50,292.50,293.50,0.342,20733,1
06/11/2017,286.50,292.50,286.50,292.50,2.09,13972,1
03/11/2017,284.00,286.50,284.00,286.50,0.88,14753,1
02/11/2017,275.00,284.00,275.00,284.00,3.27,57877,1
01/11/2017,266.50,275.00,266.00,275.00,3.19,438996,1
31/10/2017,257.50,266.50,257.50,266.50,3.5,62711,1
30/10/2017,257.50,257.50,257.50,257.50,0,18216,1
27/10/2017,257.50,257.50,257.50,257.50,0,4830,1
26/10/2017,257.50,257.50,257.50,257.50,0,16293,1
25/10/2017,257.50,257.50,257.50,257.50,0,25122,1
24/10/2017,257.50,257.50,257.50,257.50,0,27226,1
23/10/2017,274.00,274.00,257.50,257.50,-6.02,26957,1
20/10/2017,285.50,285.50,274.00,274.00,-4.03,10354,1
19/10/2017,286.50,286.50,285.50,285.50,-0.349,124749,1
18/10/2017,285.00,286.50,284.00,286.50,0.526,10450,1
17/10/2017,285.00,285.00,285.00,285.00,0,35000,1
16/10/2017,285.00,285.00,285.00,285.00,0,13158,1
13/10/2017,285.00,285.00,285.00,285.00,0,7773,1
12/10/2017,275.00,292.50,275.00,285.00,2.7,49025,1
11/10/2017,269.00,277.50,269.00,277.50,3.16,4995,1
10/10/2017,276.50,276.50,269.00,269.00,-2.71,14889,1
09/10/2017,286.00,286.00,276.50,276.50,-4.16,24847,1
06/10/2017,287.50,292.50,282.50,288.50,5.87,66583,1
05/10/2017,267.00,272.50,267.00,272.50,2.06,527171,1
04/10/2017,267.00,267.00,267.00,267.00,0,36417,1
03/10/2017,268.00,268.00,267.00,267.00,-0.373,87801,1
02/10/2017,268.00,268.00,268.00,268.00,0,51402,1
29/09/2017,268.00,268.00,268.00,268.00,0,8304,1
28/09/2017,268.00,268.00,268.00,268.00,0,65715,1
27/09/2017,271.00,271.00,268.00,268.00,-1.65,97191,1
26/09/2017,273.50,273.50,272.50,272.50,-0.366,136509,1
25/09/2017,275.00,275.00,273.50,273.50,-0.545,135425,1
22/09/2017,280.00,280.00,275.00,275.00,-1.79,152541,1
21/09/2017,283.00,283.00,277.50,280.00,-1.06,98829,1
20/09/2017,277.00,283.00,271.50,283.00,2.17,265189,1
19/09/2017,292.50,292.50,265.00,277.00,-5.3,162945,1
18/09/2017,287.50,293.00,287.50,292.50,1.74,52854,1
15/09/2017,305.00,305.00,281.50,287.50,-5.74,353635,1
14/09/2017,306.50,306.50,305.00,305.00,-0.489,18933,1
13/09/2017,322.50,324.00,302.50,306.50,-0.325,2783250,1
12/09/2017,307.50,307.50,307.50,307.50,0,31531,1
11/09/2017,307.50,307.50,307.50,307.50,0,75525,1
08/09/2017,307.50,307.50,307.50,307.50,0,13602,1
07/09/2017,307.50,307.50,307.50,307.50,0,5643,1
06/09/2017,307.50,307.50,307.50,307.50,0,24285,1
05/09/2017,307.50,307.50,307.50,307.50,0,25059,1
04/09/2017,307.50,307.50,307.50,307.50,0,11304,1
01/09/2017,307.50,307.50,307.50,307.50,0,31269,1
31/08/2017,307.50,307.50,307.50,307.50,-0.324,15660,1
30/08/2017,308.50,309.50,308.50,308.50,0,14856,1
29/08/2017,305.00,308.50,305.00,308.50,1.15,2613213,1
25/08/2017,320.00,320.00,297.50,305.00,-4.69,484032,1
24/08/2017,320.00,325.00,320.00,320.00,0,4737,1
23/08/2017,322.50,322.50,317.50,320.00,-1.54,58134,1
22/08/2017,306.50,326.50,306.50,325.00,6.04,80472,1
21/08/2017,306.50,306.50,306.50,306.50,0,32751,1
18/08/2017,306.50,306.50,306.50,306.50,0,18987,1
17/08/2017,308.50,308.50,306.50,306.50,-0.648,39531,1
16/08/2017,290.00,308.50,290.00,308.50,6.93,122094,1
15/08/2017,291.00,291.00,286.50,288.50,-0.859,127644,1
14/08/2017,290.00,291.00,290.00,291.00,0.345,26349,1
11/08/2017,301.50,301.50,290.00,290.00,-3.81,86565,1
10/08/2017,301.50,301.50,301.50,301.50,0,21249,1
09/08/2017,302.50,302.50,301.50,301.50,-0.331,86550,1
08/08/2017,300.00,302.50,300.00,302.50,-0.82,104508,1
07/08/2017,297.50,305.00,297.50,305.00,2.52,63649,1
04/08/2017,300.00,300.00,297.50,297.50,-0.833,44006,1
03/08/2017,300.00,300.00,300.00,300.00,0,6702,1
02/08/2017,292.50,300.00,292.50,300.00,2.56,60786,1
01/08/2017,292.50,292.50,285.00,292.50,-0.847,86958,1
31/07/2017,297.50,297.50,295.00,295.00,-0.84,44856,1
28/07/2017,310.00,310.00,295.00,297.50,-4.03,81975,1
27/07/2017,320.00,320.00,307.50,310.00,-3.13,93366,1
26/07/2017,317.00,320.00,317.00,320.00,0.946,54489,1
25/07/2017,317.00,317.00,317.00,317.00,0,13755,1
24/07/2017,317.00,317.00,315.00,317.00,0,69915,1
21/07/2017,336.50,336.50,315.00,317.00,-5.79,155410,1
20/07/2017,331.00,355.00,331.00,336.50,1.66,438375,1
19/07/2017,308.50,332.50,308.50,331.00,7.29,205550,1
18/07/2017,308.50,308.50,308.50,308.50,0,66600,1
17/07/2017,306.00,308.50,306.00,308.50,0.817,23020,1
14/07/2017,306.00,306.00,306.00,306.00,0,40510,1
13/07/2017,306.00,306.00,306.00,306.00,0,52160,1
12/07/2017,302.50,306.00,302.50,306.00,-1.29,105235,1
11/07/2017,309.50,310.00,302.50,310.00,0.162,97800,1
10/07/2017,310.00,310.00,309.50,309.50,0,112740,1
07/07/2017,309.50,309.50,309.50,309.50,0,40424,1
06/07/2017,295.00,309.50,292.50,309.50,5.81,70792,1
05/07/2017,292.50,292.50,292.50,292.50,0,4820,1
04/07/2017,307.50,307.50,291.50,292.50,-4.88,93032,1
03/07/2017,307.50,307.50,307.50,307.50,0,15840,1
30/06/2017,312.50,312.50,307.50,307.50,-1.6,38755,1
29/06/2017,314.00,314.00,312.50,312.50,-0.478,61244,1
28/06/2017,313.50,314.00,311.50,314.00,0.159,135792,1
27/06/2017,318.50,318.50,306.50,313.50,-1.57,192764,1
26/06/2017,317.50,318.50,316.00,318.50,0.315,91348,1
23/06/2017,309.00,318.50,309.00,317.50,2.75,95576,1
22/06/2017,313.00,314.50,309.00,309.00,-1.28,101644,1
21/06/2017,307.50,313.00,307.50,313.00,1.79,130712,1
20/06/2017,295.00,313.00,295.00,307.50,5.13,342652,1
19/06/2017,285.00,292.50,285.00,292.50,0.862,263024,1
16/06/2017,287.50,290.00,282.50,290.00,0.87,30316,1
15/06/2017,299.00,299.00,287.50,287.50,-3.85,47635,1
14/06/2017,284.00,299.00,284.00,299.00,5.28,30005,1
13/06/2017,290.00,290.00,284.00,284.00,-2.07,25894,1
12/06/2017,294.50,294.50,289.00,290.00,-1.53,34068,1
09/06/2017,298.50,298.50,293.50,294.50,-1.34,9799,1
08/06/2017,287.50,298.50,287.50,298.50,4.74,21838,1
07/06/2017,281.50,285.00,276.00,285.00,1.24,16896,1
06/06/2017,282.00,284.50,281.50,281.50,-0.705,120072,1
05/06/2017,301.00,301.00,259.00,283.50,-5.81,173079,1
02/06/2017,302.50,302.50,301.00,301.00,-0.496,26020,1
01/06/2017,305.00,305.00,302.50,302.50,-0.82,33243,1
31/05/2017,293.00,312.50,293.00,305.00,4.1,61931,1
30/05/2017,293.00,293.00,293.00,293.00,0,36354,1
26/05/2017,293.00,293.00,293.00,293.00,0,8648,1
25/05/2017,293.50,293.50,293.00,293.00,-0.17,58093,1
24/05/2017,294.00,294.00,293.50,293.50,-0.17,30647,1
23/05/2017,294.00,294.00,294.00,294.00,0,10347,1
22/05/2017,290.00,295.50,290.00,294.00,1.38,47276,1
19/05/2017,290.00,292.50,290.00,290.00,0,47725,1
18/05/2017,289.00,290.00,289.00,290.00,0.346,25497,1
17/05/2017,287.50,290.00,287.50,289.00,0.522,57759,1
16/05/2017,283.50,303.50,274.00,287.50,1.41,727821,1
15/05/2017,272.50,283.50,272.50,283.50,4.04,97673,1
12/05/2017,272.50,272.50,272.50,272.50,0,33308,1
11/05/2017,273.50,273.50,270.00,272.50,-0.366,79066,1
10/05/2017,265.00,274.00,265.00,273.50,3.21,131822,1
09/05/2017,260.00,266.50,260.00,265.00,2.32,180060,1
08/05/2017,263.50,263.50,256.50,259.00,-1.71,53823,1
05/05/2017,265.00,266.50,260.00,263.50,-0.566,109828,1
04/05/2017,246.00,276.50,246.00,265.00,7.72,231443,1
03/05/2017,227.50,246.00,227.50,246.00,10.6,537099,1
02/05/2017,222.50,224.00,222.50,222.50,0,76218,1
28/04/2017,222.50,222.50,222.50,222.50,0,55819,1
27/04/2017,222.50,222.50,222.50,222.50,0,31290,1
26/04/2017,222.50,222.50,222.50,222.50,0,16132,1
25/04/2017,218.50,222.50,218.50,222.50,1.83,63488,1
24/04/2017,215.00,219.50,215.00,218.50,1.63,42062,1
21/04/2017,215.00,215.00,215.00,215.00,0,800,1
20/04/2017,215.00,215.00,214.00,215.00,0,30303,1
19/04/2017,214.50,215.00,214.50,215.00,0.233,44966,1
18/04/2017,214.50,214.50,214.50,214.50,0,27111,1
13/04/2017,214.50,214.50,214.50,214.50,0,1800,1
12/04/2017,209.00,214.50,209.00,214.50,0.941,28897,1
11/04/2017,214.00,214.00,211.50,212.50,-0.701,20503,1
10/04/2017,216.00,216.00,214.00,214.00,-0.926,12971,1
07/04/2017,217.50,217.50,216.00,216.00,-0.69,13299,1
06/04/2017,217.50,217.50,217.50,217.50,0,6256,1
05/04/2017,217.50,217.50,217.50,217.50,0,22168,1
04/04/2017,217.50,217.50,217.50,217.50,0.462,7649,1
03/04/2017,216.50,216.50,216.50,216.50,0,7003,1
31/03/2017,216.50,216.50,216.50,216.50,0,,1
30/03/2017,216.50,216.50,216.50,216.50,0,44949,1
29/03/2017,221.00,221.00,216.00,216.50,-2.04,22742,1
28/03/2017,226.50,226.50,221.00,221.00,-1.78,19328,1
27/03/2017,229.00,229.00,225.00,225.00,-1.75,47868,1
24/03/2017,227.00,229.00,227.00,229.00,0.881,25474,1
23/03/2017,226.00,227.00,226.00,227.00,0.442,4906,1
22/03/2017,223.50,226.00,223.50,226.00,1.12,52212,1
21/03/2017,218.00,226.50,218.00,223.50,2.52,111704,1
20/03/2017,216.50,218.00,216.50,218.00,7.39,288452,1
17/03/2017,203.00,203.00,203.00,203.00,0,4000,1
16/03/2017,203.00,203.00,203.00,203.00,0,27204,1
15/03/2017,203.00,203.00,203.00,203.00,0,49648,1
14/03/2017,203.00,203.00,203.00,203.00,0,3175,1
13/03/2017,203.00,203.00,203.00,203.00,0,37292,1
10/03/2017,201.50,203.00,201.50,203.00,0.744,12862,1
09/03/2017,201.50,201.50,201.50,201.50,0,5500,1
08/03/2017,201.50,201.50,201.50,201.50,0,12522,1
07/03/2017,203.00,203.00,201.50,201.50,-0.739,44786,1
06/03/2017,204.00,204.00,203.00,203.00,-0.49,10279,1
03/03/2017,209.00,209.00,204.00,204.00,-2.39,38065,1
02/03/2017,209.00,209.00,209.00,209.00,0,13750,1
01/03/2017,209.00,209.00,209.00,209.00,0,11255,1
28/02/2017,209.00,209.00,209.00,209.00,0,60257,1
27/02/2017,209.00,209.00,209.00,209.00,0,19864,1
24/02/2017,209.00,209.00,209.00,209.00,0,9861,1
23/02/2017,209.00,209.00,209.00,209.00,0,7740,1
22/02/2017,209.00,209.00,209.00,209.00,0,4251,1
21/02/2017,209.00,209.00,209.00,209.00,0,212,1
20/02/2017,209.00,209.00,209.00,209.00,0,,1
17/02/2017,209.00,209.00,209.00,209.00,0,5820,1
16/02/2017,209.00,209.00,209.00,209.00,0,2528,1
15/02/2017,209.00,209.00,209.00,209.00,0,18546,1
14/02/2017,209.00,209.00,209.00,209.00,0,500,1
13/02/2017,209.00,209.00,209.00,209.00,0,1060,1
10/02/2017,209.00,209.00,209.00,209.00,0,1251,1
09/02/2017,209.00,209.00,209.00,209.00,0,,1
08/02/2017,216.00,216.00,209.00,209.00,-3.24,17470,1
07/02/2017,216.00,216.00,216.00,216.00,0,9530,1
06/02/2017,216.00,216.00,216.00,216.00,0,3434,1
03/02/2017,216.00,216.00,216.00,216.00,0,,1
02/02/2017,216.00,216.00,216.00,216.00,0,3179,1
01/02/2017,216.00,216.00,216.00,216.00,0,2950,1
31/01/2017,216.00,216.00,216.00,216.00,0,15700,1
30/01/2017,216.00,216.00,216.00,216.00,0,3181,1
27/01/2017,209.50,216.00,209.50,216.00,3.1,64249,1
26/01/2017,208.50,209.50,208.50,209.50,0.48,16788,1
25/01/2017,208.50,208.50,208.50,208.50,0,4345,1
24/01/2017,208.50,208.50,208.50,208.50,0,5768,1
23/01/2017,208.50,208.50,208.50,208.50,0,1615,1
20/01/2017,208.50,208.50,208.50,208.50,0,148210,1
19/01/2017,208.50,208.50,208.50,208.50,0,6485,1
18/01/2017,208.50,208.50,208.50,208.50,0,838,1
17/01/2017,209.00,209.00,208.50,208.50,-0.239,2490,1
16/01/2017,209.00,209.00,209.00,209.00,0,6024,1
13/01/2017,211.00,211.00,209.00,209.00,-0.948,24979,1
12/01/2017,211.00,211.00,211.00,211.00,0,4028,1
11/01/2017,221.00,221.00,211.00,211.00,-4.52,23178,1
10/01/2017,212.50,226.00,212.50,221.00,6,29487,1
09/01/2017,208.50,208.50,208.50,208.50,0,33515,1
06/01/2017,212.50,212.50,208.50,208.50,-1.88,4090,1
05/01/2017,212.50,212.50,212.50,212.50,0,11000,1
04/01/2017,214.00,214.00,212.50,212.50,-0.701,10887,1
03/01/2017,216.00,216.00,214.00,214.00,-0.926,4571,1
30/12/2016,216.00,216.00,216.00,216.00,0,2138,1
29/12/2016,221.00,221.00,216.00,216.00,-2.26,3278,1
28/12/2016,230.00,230.00,221.00,221.00,-3.07,5800,1
23/12/2016,228.00,228.00,228.00,228.00,0,45,1
22/12/2016,228.00,230.00,228.00,228.00,-0.219,4106,1
21/12/2016,228.50,228.50,228.50,228.50,0,2210,1
20/12/2016,228.50,228.50,228.50,228.50,0,917,1
19/12/2016,228.50,228.50,228.50,228.50,0,12000,1
16/12/2016,228.50,228.50,228.50,228.50,0,456,1
15/12/2016,228.50,228.50,228.50,228.50,0,4625,1
14/12/2016,228.50,228.50,228.50,228.50,0,4153,1
13/12/2016,228.50,228.50,228.50,228.50,0,754,1
12/12/2016,228.50,228.50,228.50,228.50,0,1747,1
09/12/2016,231.00,231.00,228.50,228.50,-1.08,5196,1
08/12/2016,232.50,232.50,231.00,231.00,-1.07,9680,1
07/12/2016,226.50,236.00,226.50,233.50,3.09,19119,1
06/12/2016,207.50,226.50,207.50,226.50,9.16,42765,1
05/12/2016,210.00,210.00,207.50,207.50,-1.19,31918,1
02/12/2016,207.00,210.00,203.50,210.00,-0.474,18152,1
01/12/2016,197.50,212.50,197.50,211.00,6.84,35131,1
30/11/2016,186.50,197.50,186.50,197.50,5.9,73119,1
29/11/2016,186.00,186.50,184.50,186.50,0.269,31005,1
28/11/2016,189.50,189.50,185.00,186.00,-1.33,372674,1
25/11/2016,179.50,188.50,179.50,188.50,5.01,48565,1
24/11/2016,179.50,179.50,179.50,179.50,0,2065105,1
23/11/2016,183.50,184.50,179.50,179.50,-2.18,17195,1
22/11/2016,170.00,183.50,170.00,183.50,11.2,48800,1
21/11/2016,165.00,165.00,165.00,165.00,0,4379,1
18/11/2016,165.00,165.00,165.00,165.00,0,3961,1
17/11/2016,165.00,165.00,165.00,165.00,0,171,1
16/11/2016,165.00,165.00,165.00,165.00,0,6626,1
15/11/2016,165.00,165.00,165.00,165.00,0,,1
14/11/2016,165.00,165.00,165.00,165.00,0,2000,1
11/11/2016,165.00,165.00,165.00,165.00,0,6100,1
10/11/2016,165.00,165.00,165.00,165.00,0,1101,1
09/11/2016,165.00,165.00,165.00,165.00,-0.901,,1
08/11/2016,166.50,166.50,166.50,166.50,0,4043,1
07/11/2016,166.50,166.50,166.50,166.50,0,,1
04/11/2016,170.00,170.00,166.50,166.50,-2.06,29731,1
03/11/2016,170.50,170.50,170.00,170.00,-0.293,1900,1
02/11/2016,170.50,170.50,170.50,170.50,0,709,1
01/11/2016,170.50,170.50,170.50,170.50,0,23080,1
31/10/2016,170.50,170.50,170.50,170.50,0,20427,1
28/10/2016,167.50,170.50,167.50,170.50,1.79,6363,1
27/10/2016,167.50,167.50,167.50,167.50,0,6777,1
26/10/2016,167.50,167.50,166.50,167.50,0,4730,1
25/10/2016,167.50,167.50,167.50,167.50,0,2100,1
24/10/2016,167.50,167.50,167.50,167.50,0,6832,1
21/10/2016,167.50,167.50,167.50,167.50,0,,1
20/10/2016,166.50,167.50,166.50,167.50,0.601,8205,1
19/10/2016,166.50,166.50,166.50,166.50,0,321,1
18/10/2016,166.50,166.50,166.50,166.50,0,5999,1
17/10/2016,166.50,166.50,166.50,166.50,0,1417,1
14/10/2016,166.50,166.50,166.50,166.50,0,3102,1
13/10/2016,166.50,166.50,166.50,166.50,0,1175,1
12/10/2016,166.50,166.50,166.50,166.50,0,1750,1
11/10/2016,166.50,166.50,166.50,166.50,0,16400,1
10/10/2016,166.50,166.50,166.50,166.50,0,5071,1
07/10/2016,161.50,166.50,161.50,166.50,5.71,9762,1
06/10/2016,160.00,160.00,157.50,157.50,0,1271822,1
05/10/2016,157.50,157.50,157.50,157.50,0,6041,1
04/10/2016,157.50,157.50,157.50,157.50,0,3500,1
03/10/2016,157.50,157.50,157.50,157.50,0,3625,1
30/09/2016,157.50,157.50,157.50,157.50,0,1464,1
29/09/2016,157.50,157.50,157.50,157.50,0,6312,1
28/09/2016,157.50,157.50,157.50,157.50,0,,1
27/09/2016,157.50,157.50,157.50,157.50,-1.25,1200,1
26/09/2016,159.50,159.50,159.50,159.50,0,50121,1
23/09/2016,164.00,164.00,159.50,159.50,-4.78,14001,1
22/09/2016,165.00,167.50,165.00,167.50,1.52,9207,1
21/09/2016,165.00,165.00,165.00,165.00,0,17497,1
20/09/2016,165.00,165.00,165.00,165.00,0,150,1
19/09/2016,165.00,165.00,165.00,165.00,0,3789,1
16/09/2016,163.50,165.00,163.50,165.00,0.917,19653,1
15/09/2016,163.50,163.50,163.50,163.50,0,629,1
14/09/2016,167.50,167.50,163.50,163.50,0.615,6744,1
13/09/2016,162.50,162.50,162.50,162.50,0,502,1
12/09/2016,162.50,162.50,162.50,162.50,0,5013,1
09/09/2016,162.50,162.50,162.50,162.50,0,,1
08/09/2016,166.00,166.00,161.00,162.50,-2.11,21999,1
07/09/2016,166.00,166.00,166.00,166.00,0,8898,1
06/09/2016,165.00,166.00,163.50,166.00,0.606,10928,1
05/09/2016,165.00,165.00,165.00,165.00,0,3000,1
02/09/2016,165.00,165.00,165.00,165.00,0,,1
01/09/2016,165.00,165.00,165.00,165.00,0,2175,1
31/08/2016,165.00,165.00,165.00,165.00,0,7920,1
30/08/2016,165.00,165.00,165.00,165.00,0,4400,1
26/08/2016,165.00,165.00,165.00,165.00,0,6929,1
25/08/2016,165.00,165.00,165.00,165.00,0,6324,1
24/08/2016,165.50,165.50,165.00,165.00,-0.302,8438,1
23/08/2016,159.50,165.50,159.50,165.50,3.76,13375,1
22/08/2016,159.50,159.50,159.50,159.50,0,1573,1
19/08/2016,159.50,159.50,159.50,159.50,0,801,1
18/08/2016,159.50,159.50,159.50,159.50,0,1000,1
17/08/2016,150.50,159.50,150.50,159.50,5.98,17801,1
16/08/2016,147.00,150.50,147.00,150.50,2.38,2694,1
15/08/2016,142.50,147.00,142.50,147.00,3.16,5725,1
12/08/2016,138.50,142.50,138.50,142.50,2.89,10436,1
11/08/2016,138.50,138.50,138.50,138.50,0,349,1
10/08/2016,138.50,138.50,138.50,138.50,0,12159,1
09/08/2016,138.50,138.50,138.50,138.50,0,2078,1
08/08/2016,138.50,138.50,138.50,138.50,0,2750,1
05/08/2016,138.50,138.50,138.50,138.50,0,16971,1
04/08/2016,138.50,138.50,138.50,138.50,0,3118,1
03/08/2016,138.50,138.50,138.50,138.50,0,289,1
02/08/2016,138.50,138.50,138.50,138.50,0,,1
01/08/2016,138.50,138.50,138.50,138.50,0,7846,1
29/07/2016,138.50,138.50,138.50,138.50,0,,1
28/07/2016,138.50,138.50,138.50,138.50,0,4450,1
27/07/2016,138.50,138.50,138.50,138.50,0,11581,1
26/07/2016,138.50,138.50,138.50,138.50,0,3333,1
25/07/2016,138.00,138.50,138.00,138.50,0.362,6078,1
22/07/2016,138.00,138.00,138.00,138.00,0,6217,1
21/07/2016,139.50,139.50,138.00,138.00,0,,1
20/07/2016,138.00,138.00,138.00,138.00,0,7500,1
19/07/2016,138.00,138.00,138.00,138.00,0,5716,1
18/07/2016,138.00,138.00,138.00,138.00,0,17478,1
15/07/2016,138.00,138.00,138.00,138.00,0,229,1
14/07/2016,138.00,138.00,138.00,138.00,0,4300,1
13/07/2016,138.00,138.00,138.00,138.00,0,,1
12/07/2016,139.50,139.50,138.00,138.00,-1.08,3249,1
11/07/2016,140.50,140.50,139.50,139.50,-0.712,7812,1
08/07/2016,140.50,140.50,140.50,140.50,0,802,1
07/07/2016,140.50,140.50,140.50,140.50,0,1310,1
06/07/2016,146.50,146.50,140.50,140.50,-4.1,9240,1
05/07/2016,146.50,146.50,146.50,146.50,0,,1
04/07/2016,146.50,146.50,146.50,146.50,0,,1
01/07/2016,146.50,146.50,146.50,146.50,0,800,1
30/06/2016,146.50,146.50,146.50,146.50,0,1437,1
29/06/2016,146.00,146.50,146.00,146.50,0.342,26702,1
28/06/2016,143.50,146.00,143.50,146.00,1.74,16785,1
27/06/2016,149.00,149.00,141.50,143.50,-3.69,16668,1
24/06/2016,152.50,152.50,147.50,149.00,-5.99,23693,1
23/06/2016,158.50,158.50,158.50,158.50,0,3107,1
22/06/2016,158.50,158.50,158.50,158.50,0,641,1
21/06/2016,158.50,158.50,158.50,158.50,0,8437,1
20/06/2016,158.50,158.50,158.50,158.50,0,3150,1
17/06/2016,158.50,158.50,158.50,158.50,0,500,1
16/06/2016,158.50,158.50,158.50,158.50,0,744,1
15/06/2016,157.50,158.50,157.50,158.50,0.635,20926,1
14/06/2016,158.50,158.50,157.50,157.50,-0.631,4985,1
13/06/2016,163.50,163.50,158.50,158.50,-3.06,27031,1
10/06/2016,163.00,163.50,163.00,163.50,0.307,3820,1
09/06/2016,162.50,163.00,162.50,163.00,0.308,8016,1
08/06/2016,162.50,162.50,162.50,162.50,0,39799,1
07/06/2016,162.50,162.50,162.50,162.50,0,29734,1
06/06/2016,156.50,162.50,156.50,162.50,3.83,38714,1
03/06/2016,156.50,156.50,156.50,156.50,0.643,63282,1
02/06/2016,155.50,155.50,155.50,155.50,0,8825,1
01/06/2016,155.50,155.50,155.50,155.50,0,12743,1
31/05/2016,155.50,155.50,155.50,155.50,0,6890,1
27/05/2016,156.50,156.50,155.50,155.50,-0.639,6573,1
26/05/2016,156.50,156.50,156.50,156.50,0,1263,1
25/05/2016,156.50,156.50,156.50,156.50,0,31220,1
24/05/2016,157.50,157.50,156.50,156.50,-0.635,9100,1
23/05/2016,157.50,157.50,157.50,157.50,0,3780,1
20/05/2016,157.50,157.50,157.50,157.50,0,11994,1
19/05/2016,157.50,157.50,157.50,157.50,0,3751,1
18/05/2016,157.50,157.50,157.50,157.50,0,5000,1
17/05/2016,157.50,157.50,157.50,157.50,0,6918,1
16/05/2016,157.50,157.50,157.50,157.50,0,10486,1
13/05/2016,159.00,159.00,157.50,157.50,-0.943,17564,1
12/05/2016,164.00,164.00,159.00,159.00,-3.05,15300,1
11/05/2016,164.00,164.00,164.00,164.00,0,3903,1
10/05/2016,164.00,164.00,164.00,164.00,0,9909,1
09/05/2016,164.00,164.00,164.00,164.00,0,28959,1
06/05/2016,161.50,165.00,161.50,164.00,3.47,27238,1
05/05/2016,158.50,158.50,158.50,158.50,0,2440,1
04/05/2016,160.00,160.00,158.50,158.50,-0.938,21266,1
03/05/2016,157.50,160.00,157.50,160.00,1.59,11979,1
29/04/2016,153.50,157.50,153.50,157.50,2.61,17981,1
28/04/2016,160.00,160.00,153.50,153.50,-4.06,59315,1
27/04/2016,161.50,161.50,160.00,160.00,-0.929,47677,1
26/04/2016,177.00,177.00,161.50,161.50,-7.71,32040,1
25/04/2016,175.00,175.00,175.00,175.00,0,3664,1
22/04/2016,175.00,175.00,175.00,175.00,0,13129,1
21/04/2016,175.00,175.00,175.00,175.00,0,1705,1
20/04/2016,175.00,175.00,175.00,175.00,0,857,1
19/04/2016,175.00,175.00,175.00,175.00,0,282,1
18/04/2016,175.00,175.00,175.00,175.00,0,16065,1
15/04/2016,175.00,175.00,175.00,175.00,0,280,1
14/04/2016,175.00,175.00,175.00,175.00,0,3454,1
13/04/2016,175.00,175.00,175.00,175.00,0,,1
12/04/2016,175.00,175.00,175.00,175.00,0,1109,1
11/04/2016,175.00,175.00,175.00,175.00,0,,1
08/04/2016,175.00,175.00,175.00,175.00,0,3970,1
07/04/2016,175.00,175.00,175.00,175.00,0,4932,1
06/04/2016,175.00,175.00,175.00,175.00,0,1942,1
05/04/2016,175.00,175.00,175.00,175.00,0,1132,1
04/04/2016,175.00,175.00,175.00,175.00,0,13373,1
01/04/2016,175.00,175.00,175.00,175.00,0,63,1
31/03/2016,175.00,175.00,175.00,175.00,0,,1
30/03/2016,175.00,175.00,175.00,175.00,0,2797,1
29/03/2016,175.00,175.00,175.00,175.00,0,10809,1
24/03/2016,173.50,175.00,173.50,175.00,0.865,3101,1
23/03/2016,173.50,173.50,173.50,173.50,0,420,1
22/03/2016,174.00,174.00,173.50,173.50,-0.287,9407,1
21/03/2016,174.00,174.00,174.00,174.00,0,20933,1
18/03/2016,174.00,174.00,174.00,174.00,0,13101,1
17/03/2016,173.00,174.00,173.00,174.00,0.578,11940,1
16/03/2016,171.50,173.00,171.50,173.00,0.875,961,1
15/03/2016,171.50,171.50,171.50,171.50,0,872,1
14/03/2016,172.00,174.00,171.50,171.50,1.78,12479,1
11/03/2016,172.00,172.00,168.50,168.50,-2.03,13413,1
10/03/2016,169.50,172.00,169.50,172.00,1.47,14323,1
09/03/2016,167.00,169.50,167.00,169.50,1.5,5902,1
08/03/2016,167.00,167.00,167.00,167.00,0,12323,1
07/03/2016,156.50,168.50,156.50,167.00,6.71,82898,1
04/03/2016,156.50,156.50,156.50,156.50,0,5920,1
03/03/2016,154.00,156.50,154.00,156.50,1.62,9100,1
02/03/2016,152.50,154.00,152.50,154.00,0.984,3470,1
01/03/2016,144.00,152.50,144.00,152.50,5.9,30538,1
29/02/2016,147.50,147.50,144.00,144.00,-2.37,11987,1
26/02/2016,147.50,147.50,147.50,147.50,0,6005,1
25/02/2016,147.50,147.50,147.50,147.50,0,13663,1
24/02/2016,147.50,147.50,147.50,147.50,0,8000,1
23/02/2016,147.50,147.50,147.50,147.50,0,3194,1
22/02/2016,147.50,147.50,147.50,147.50,0,592667,1
19/02/2016,147.50,147.50,147.50,147.50,0,11236,1
18/02/2016,147.50,147.50,147.50,147.50,0,8300,1
17/02/2016,147.50,147.50,147.50,147.50,0,,1
16/02/2016,147.50,147.50,147.50,147.50,0,8652,1
15/02/2016,147.50,147.50,147.50,147.50,0,2000,1
12/02/2016,150.00,150.00,147.50,147.50,-1.67,7930,1
11/02/2016,154.00,154.00,150.00,150.00,-3.23,7641,1
10/02/2016,155.00,155.00,155.00,155.00,0,900,1
09/02/2016,155.00,155.00,155.00,155.00,0,3760,1
08/02/2016,155.00,155.00,155.00,155.00,0,8412,1
05/02/2016,155.00,155.00,155.00,155.00,0,668,1
04/02/2016,155.00,155.00,155.00,155.00,0,6005,1
03/02/2016,155.00,155.00,155.00,155.00,0,,1
02/02/2016,155.00,155.00,155.00,155.00,0,,1
01/02/2016,155.00,155.00,155.00,155.00,0,8200,1
29/01/2016,152.50,155.00,152.50,155.00,0,2307,1
28/01/2016,158.50,158.50,155.00,155.00,-2.21,10061,1
27/01/2016,158.50,158.50,158.50,158.50,0,500,1
26/01/2016,159.50,159.50,158.50,158.50,-0.627,9327,1
25/01/2016,159.00,159.50,159.00,159.50,0.314,2887,1
22/01/2016,159.00,159.00,159.00,159.00,0,623,1
21/01/2016,163.00,163.00,159.00,159.00,-2.45,4059,1
20/01/2016,162.50,163.00,162.50,163.00,0.308,8500,1
19/01/2016,162.50,162.50,162.50,162.50,0,7003,1
18/01/2016,162.50,162.50,162.50,162.50,0,3438,1
15/01/2016,163.50,163.50,162.50,162.50,-0.612,7133,1
14/01/2016,163.50,163.50,163.50,163.50,0,9000,1
13/01/2016,163.50,163.50,163.50,163.50,0,907,1
12/01/2016,163.50,163.50,163.50,163.50,0,6079,1
11/01/2016,165.00,165.00,163.50,163.50,-0.909,,1
08/01/2016,165.00,165.00,165.00,165.00,0,1065,1
07/01/2016,165.00,165.00,165.00,165.00,0,673,1
06/01/2016,165.00,165.00,165.00,165.00,0,,1
05/01/2016,165.00,165.00,165.00,165.00,0,1485,1
04/01/2016,166.00,166.00,165.00,165.00,0,1794,1
31/12/2015,165.00,165.00,165.00,165.00,0,1246,1
30/12/2015,165.00,165.00,165.00,165.00,0,,1
29/12/2015,165.00,166.00,165.00,165.00,0,,1
24/12/2015,165.00,165.00,165.00,165.00,0,,1
23/12/2015,164.00,165.00,164.00,165.00,-1.2,4012,1
22/12/2015,164.00,167.00,164.00,167.00,1.83,8999,1
21/12/2015,164.00,164.00,164.00,164.00,0,34587,1
18/12/2015,164.00,164.00,164.00,164.00,0,1238,1
17/12/2015,167.50,167.50,164.00,164.00,-2.96,11013,1
16/12/2015,171.00,171.00,169.00,169.00,-1.17,60662,1
15/12/2015,171.00,171.00,171.00,171.00,0,1915,1
14/12/2015,171.00,171.00,171.00,171.00,0,5515,1
11/12/2015,172.50,172.50,171.00,171.00,-0.87,13899,1
10/12/2015,159.00,173.50,159.00,172.50,8.49,37877,1
09/12/2015,185.00,185.00,156.00,159.00,-16.3,70576,1
08/12/2015,190.00,190.00,190.00,190.00,0,498,1
07/12/2015,181.50,190.00,181.50,190.00,4.68,15855,1
04/12/2015,181.50,181.50,181.50,181.50,0,18,1
03/12/2015,176.00,181.50,176.00,181.50,3.13,5851,1
02/12/2015,176.00,176.00,176.00,176.00,0,,1
01/12/2015,176.00,176.00,176.00,176.00,0,,1
30/11/2015,176.00,177.50,176.00,176.00,0,12976,1
27/11/2015,174.00,176.00,174.00,176.00,1.15,1500,1
26/11/2015,172.50,174.00,172.50,174.00,0.87,4000,1
25/11/2015,165.50,172.50,165.50,172.50,4.23,9890,1
24/11/2015,159.50,165.50,159.50,165.50,3.76,22230,1
23/11/2015,156.00,159.50,156.00,159.50,2.24,26678,1
20/11/2015,156.00,156.00,156.00,156.00,0,35500,1
19/11/2015,156.00,156.00,156.00,156.00,0,,1
18/11/2015,156.00,156.00,156.00,156.00,0,,1
17/11/2015,154.00,156.00,154.00,156.00,1.3,11150,1
16/11/2015,154.00,154.00,154.00,154.00,0,628,1
13/11/2015,154.00,154.00,154.00,154.00,0,1260,1
12/11/2015,154.00,154.00,154.00,154.00,0,,1
11/11/2015,154.00,154.00,154.00,154.00,0,274,1
10/11/2015,154.00,154.00,154.00,154.00,0,,1
09/11/2015,154.00,154.00,154.00,154.00,0,5324,1
06/11/2015,154.00,154.00,154.00,154.00,0,,1
05/11/2015,154.00,154.00,154.00,154.00,0,,1
04/11/2015,154.00,154.00,154.00,154.00,0,,1
03/11/2015,154.00,154.00,154.00,154.00,0,,1
02/11/2015,154.00,154.00,154.00,154.00,0,641,1
30/10/2015,154.00,154.00,154.00,154.00,0,1800,1
29/10/2015,154.00,154.00,154.00,154.00,0,2627,1
28/10/2015,154.00,154.00,154.00,154.00,0,32918,1
27/10/2015,155.50,155.50,154.00,154.00,-0.965,10280,1
26/10/2015,155.50,155.50,155.50,155.50,0,1600,1
23/10/2015,156.50,156.50,154.00,155.50,-1.89,7175,1
22/10/2015,158.50,158.50,158.50,158.50,0,2500,1
21/10/2015,158.50,158.50,158.50,158.50,0,,1
20/10/2015,158.50,158.50,158.50,158.50,0.635,7300,1
19/10/2015,157.50,157.50,157.50,157.50,0,,1
16/10/2015,157.50,157.50,157.50,157.50,0,,1
15/10/2015,157.50,157.50,157.50,157.50,0,4150,1
14/10/2015,157.50,157.50,157.50,157.50,0,1782,1
13/10/2015,157.50,157.50,157.50,157.50,0,8900,1
12/10/2015,157.50,157.50,157.50,157.50,0,672,1
09/10/2015,157.50,157.50,157.50,157.50,0,1634,1
08/10/2015,157.50,157.50,157.50,157.50,0,,1
07/10/2015,157.50,157.50,157.50,157.50,0,,1
06/10/2015,157.50,157.50,157.50,157.50,0,4387,1
05/10/2015,157.50,157.50,157.50,157.50,0,,1
02/10/2015,157.50,157.50,157.50,157.50,0,1375,1
01/10/2015,157.50,157.50,157.50,157.50,0,,1
30/09/2015,157.50,157.50,157.50,157.50,0,,1
29/09/2015,157.50,157.50,157.50,157.50,0,99000,1
28/09/2015,157.50,157.50,157.50,157.50,0,5000,1
25/09/2015,157.50,157.50,157.50,157.50,0,216,1
24/09/2015,157.50,157.50,157.50,157.50,0,,1
23/09/2015,157.50,157.50,157.50,157.50,0,,1
22/09/2015,157.50,157.50,157.50,157.50,0,14793,1
21/09/2015,157.50,157.50,157.50,157.50,0,,1
18/09/2015,157.50,157.50,157.50,157.50,0,1080,1
17/09/2015,157.50,157.50,157.50,157.50,0,,1
16/09/2015,157.50,157.50,157.50,157.50,0,3016,1
15/09/2015,156.50,157.50,156.50,157.50,0.639,17364,1
14/09/2015,156.50,156.50,156.50,156.50,0,2800,1
11/09/2015,156.50,156.50,156.50,156.50,0,1000,1
10/09/2015,156.50,156.50,156.50,156.50,0,,1
09/09/2015,156.50,156.50,156.50,156.50,0,1250,1
08/09/2015,156.50,156.50,156.50,156.50,0,10007,1
07/09/2015,155.00,156.50,155.00,156.50,1.95,1685,1
04/09/2015,153.50,153.50,153.50,153.50,0,6678,1
03/09/2015,153.50,153.50,153.50,153.50,0,316,1
02/09/2015,153.50,153.50,153.50,153.50,0,320,1
01/09/2015,153.50,153.50,153.50,153.50,0,650,1
28/08/2015,153.50,153.50,153.50,153.50,0,,1
27/08/2015,152.00,153.50,152.00,153.50,0.987,10080,1
26/08/2015,152.00,152.00,152.00,152.00,0,3610,1
25/08/2015,152.00,152.00,152.00,152.00,0,6661,1
24/08/2015,161.50,161.50,152.00,152.00,-5.88,14958,1
21/08/2015,161.50,161.50,161.50,161.50,0,400,1
20/08/2015,161.50,161.50,161.50,161.50,0,3000,1
19/08/2015,165.00,165.00,161.50,161.50,-2.12,19723,1
18/08/2015,165.00,165.00,165.00,165.00,0,40000,1
17/08/2015,165.00,165.00,165.00,165.00,0,12858,1
14/08/2015,165.00,165.00,165.00,165.00,0,,1
13/08/2015,165.00,165.00,165.00,165.00,0,,1
12/08/2015,166.50,166.50,165.00,165.00,-0.901,6029,1
11/08/2015,166.50,166.50,166.50,166.50,0,3725,1
10/08/2015,166.50,166.50,166.50,166.50,0,11684,1
07/08/2015,166.50,166.50,166.50,166.50,0,22,1
06/08/2015,166.50,166.50,166.50,166.50,0,20003,1
05/08/2015,166.50,166.50,166.50,166.50,0,11193,1
04/08/2015,166.50,166.50,166.50,166.50,0,10229,1
03/08/2015,166.50,166.50,166.50,166.50,0,687,1
31/07/2015,166.50,166.50,166.50,166.50,0,15811,1
30/07/2015,166.50,166.50,166.50,166.50,0,16694,1
29/07/2015,166.50,166.50,166.50,166.50,0,11721,1
28/07/2015,166.50,166.50,166.50,166.50,0,20222,1
27/07/2015,166.50,166.50,166.50,166.50,0,49715,1
24/07/2015,166.00,166.50,166.00,166.50,0.301,73656,1
23/07/2015,166.00,166.00,166.00,166.00,0,5283,1
22/07/2015,166.00,166.00,166.00,166.00,0,,1
21/07/2015,166.00,166.00,166.00,166.00,0,10940,1
20/07/2015,166.00,166.00,166.00,166.00,0,21700,1
17/07/2015,166.00,166.00,166.00,166.00,0,6020,1
16/07/2015,166.00,166.00,166.00,166.00,0,585,1
15/07/2015,166.00,166.00,166.00,166.00,0,,1
14/07/2015,166.00,166.00,166.00,166.00,0,2161,1
13/07/2015,166.00,166.00,166.00,166.00,0,340,1
10/07/2015,167.50,167.50,166.00,166.00,-0.896,11277,1
09/07/2015,167.50,167.50,167.50,167.50,0,2541,1
08/07/2015,167.50,167.50,167.50,167.50,0,529,1
07/07/2015,167.50,167.50,167.50,167.50,0,581,1
06/07/2015,167.50,167.50,167.50,167.50,0,584,1
03/07/2015,167.50,167.50,167.50,167.50,0,22500,1
02/07/2015,167.50,167.50,167.50,167.50,0,16673,1
01/07/2015,167.50,167.50,167.50,167.50,0,27,1
30/06/2015,167.50,167.50,167.50,167.50,0,125,1
29/06/2015,167.50,167.50,167.50,167.50,0,9,1
26/06/2015,167.50,167.50,167.50,167.50,0,,1
25/06/2015,167.50,167.50,167.50,167.50,0,52,1
24/06/2015,167.50,167.50,167.50,167.50,0,2300,1
23/06/2015,167.50,167.50,167.50,167.50,0,2901,1
22/06/2015,167.50,167.50,167.50,167.50,0,100,1
19/06/2015,167.50,167.50,167.50,167.50,0,,1
18/06/2015,167.50,167.50,167.50,167.50,0,395,1
17/06/2015,167.50,167.50,167.50,167.50,0,76,1
16/06/2015,167.50,167.50,167.50,167.50,0,85,1
15/06/2015,167.50,167.50,167.50,167.50,0,282,1
12/06/2015,167.50,167.50,167.50,167.50,0,565,1
11/06/2015,167.50,167.50,167.50,167.50,0,1136,1
10/06/2015,167.50,167.50,167.50,167.50,0,,1
09/06/2015,167.50,167.50,167.50,167.50,0,7000,1
08/06/2015,167.50,167.50,167.50,167.50,0,4,1
05/06/2015,167.50,167.50,167.50,167.50,0,,1
04/06/2015,168.50,168.50,167.50,167.50,-0.593,1833,1
03/06/2015,168.50,168.50,168.50,168.50,0,7713,1
02/06/2015,168.50,168.50,168.50,168.50,0,300,1
01/06/2015,168.50,168.50,168.50,168.50,0,8081,1
29/05/2015,168.50,168.50,168.50,168.50,0,,1
28/05/2015,168.50,168.50,168.50,168.50,0,2563,1
27/05/2015,168.50,168.50,168.50,168.50,0,20,1
26/05/2015,167.50,168.50,167.50,168.50,0.597,606,1
22/05/2015,167.50,167.50,167.50,167.50,0,1934,1
21/05/2015,167.50,167.50,167.50,167.50,0,10600,1
20/05/2015,167.50,167.50,167.50,167.50,0,12672,1
19/05/2015,171.50,171.50,167.50,167.50,-2.33,8898,1
18/05/2015,171.50,171.50,171.50,171.50,0,3695,1
15/05/2015,175.00,175.00,171.50,171.50,-2,6233,1
14/05/2015,175.00,175.00,175.00,175.00,0,30711,1
13/05/2015,175.00,175.00,175.00,175.00,0,3400,1
12/05/2015,172.50,176.00,172.50,175.00,1.45,12054,1
11/05/2015,173.50,173.50,172.50,172.50,-0.576,9100,1
08/05/2015,172.50,173.50,172.50,173.50,0.58,8141,1
07/05/2015,172.50,172.50,172.50,172.50,0,400,1
06/05/2015,172.50,172.50,172.50,172.50,0,280,1
05/05/2015,172.50,172.50,172.50,172.50,0,80,1
01/05/2015,172.50,172.50,172.50,172.50,0,1018,1
30/04/2015,171.50,172.50,171.50,172.50,0.583,13792,1
29/04/2015,166.50,171.50,166.50,171.50,4.57,24690,1
28/04/2015,164.00,164.00,164.00,164.00,0,3205,1
27/04/2015,164.00,164.00,164.00,164.00,0,576,1
24/04/2015,166.50,166.50,163.00,164.00,-1.5,7202,1
23/04/2015,174.50,174.50,166.50,166.50,-4.58,7712,1
22/04/2015,177.50,177.50,174.50,174.50,-1.69,5714,1
21/04/2015,178.50,178.50,177.50,177.50,-0.56,2263,1
20/04/2015,178.50,178.50,178.50,178.50,0,950,1
17/04/2015,178.50,178.50,178.50,178.50,0,1000,1
16/04/2015,178.50,178.50,178.50,178.50,0,91,1
15/04/2015,178.50,178.50,178.50,178.50,0,9050,1
14/04/2015,183.50,183.50,178.50,178.50,-2.72,5000,1
13/04/2015,187.50,187.50,183.50,183.50,0,8098,1
10/04/2015,182.50,183.50,182.50,183.50,0.548,5875,1
09/04/2015,183.50,183.50,182.50,182.50,-0.545,5700,1
08/04/2015,187.50,187.50,183.50,183.50,-2.13,24856,1
07/04/2015,187.50,187.50,187.50,187.50,0,6619,1
02/04/2015,189.50,189.50,187.50,187.50,-1.06,14257,1
01/04/2015,189.50,189.50,189.50,189.50,0,4625,1
31/03/2015,189.50,189.50,189.50,189.50,0,1700,1
30/03/2015,189.50,189.50,189.50,189.50,0,4182,1
27/03/2015,189.50,189.50,189.50,189.50,0,1052,1
26/03/2015,182.00,191.00,182.00,189.50,4.12,25826,1
25/03/2015,173.50,182.00,173.50,182.00,4.9,7388,1
24/03/2015,170.50,173.50,170.50,173.50,1.76,10543,1
23/03/2015,167.00,170.50,167.00,170.50,3.02,6772,1
20/03/2015,165.50,165.50,165.50,165.50,0,469,1
19/03/2015,165.50,165.50,165.50,165.50,0,289,1
18/03/2015,161.50,165.50,161.50,165.50,4.75,18070,1
17/03/2015,158.00,158.00,158.00,158.00,0,1621,1
16/03/2015,158.00,158.00,158.00,158.00,0,621,1
13/03/2015,158.00,158.00,158.00,158.00,0,400,1
12/03/2015,159.50,159.50,158.00,158.00,-0.629,447236,1
11/03/2015,159.00,159.00,159.00,159.00,0,3868,1
10/03/2015,158.00,159.00,158.00,159.00,0.633,1038,1
09/03/2015,146.00,158.00,146.00,158.00,9.34,28764,1
06/03/2015,144.50,144.50,144.50,144.50,0,,1
05/03/2015,144.50,144.50,144.50,144.50,0,,1
04/03/2015,144.50,144.50,144.50,144.50,0,1375,1
03/03/2015,144.50,144.50,144.50,144.50,0,,1
02/03/2015,144.50,144.50,144.50,144.50,0,,1
27/02/2015,144.50,144.50,144.50,144.50,0,,1
26/02/2015,144.50,144.50,144.50,144.50,0,1000,1
25/02/2015,144.50,144.50,144.50,144.50,0,,1
24/02/2015,144.50,144.50,144.50,144.50,0,1000,1
23/02/2015,144.50,144.50,144.50,144.50,0,25,1
20/02/2015,144.50,144.50,144.50,144.50,0,,1
19/02/2015,144.50,144.50,144.50,144.50,0,,1
18/02/2015,143.50,144.50,143.50,144.50,0.697,681,1
17/02/2015,143.50,143.50,143.50,143.50,0,3356,1
16/02/2015,143.50,143.50,143.50,143.50,0,650,1
13/02/2015,143.50,143.50,143.50,143.50,0,1375,1
12/02/2015,143.50,143.50,143.50,143.50,0,7600,1
11/02/2015,143.50,143.50,143.50,143.50,0,,1
10/02/2015,143.50,143.50,143.50,143.50,0,,1
09/02/2015,143.50,143.50,143.50,143.50,0,,1
06/02/2015,143.50,143.50,143.50,143.50,0,,1
05/02/2015,143.50,143.50,143.50,143.50,0,1038,1
04/02/2015,143.50,143.50,143.50,143.50,0,,1
03/02/2015,143.50,143.50,143.50,143.50,0,236,1
02/02/2015,143.50,143.50,143.50,143.50,0,,1
30/01/2015,143.50,143.50,143.50,143.50,0,,1
29/01/2015,144.50,144.50,143.50,143.50,-0.692,1076,1
28/01/2015,144.50,144.50,144.50,144.50,0,,1
27/01/2015,144.50,144.50,144.50,144.50,0,346,1
26/01/2015,144.50,144.50,144.50,144.50,0,3605,1
23/01/2015,144.50,144.50,144.50,144.50,0,19956,1
22/01/2015,144.50,144.50,144.50,144.50,0,7000,1
21/01/2015,144.50,144.50,144.50,144.50,0,,1
20/01/2015,144.50,144.50,144.50,144.50,0,273,1
19/01/2015,144.50,144.50,144.50,144.50,0,3000,1
16/01/2015,144.50,144.50,144.50,144.50,0,,1
15/01/2015,144.50,144.50,144.50,144.50,0,500,1
14/01/2015,144.50,144.50,144.50,144.50,0,,1
13/01/2015,144.50,144.50,144.50,144.50,0,,1
12/01/2015,144.50,144.50,144.50,144.50,0,936,1
09/01/2015,144.50,144.50,144.50,144.50,0,33,1
08/01/2015,144.50,144.50,144.50,144.50,0,,1
07/01/2015,145.50,145.50,144.50,144.50,-0.687,7000,1
06/01/2015,145.50,145.50,145.50,145.50,0,4977,1
05/01/2015,145.50,145.50,145.50,145.50,0,1945,1
02/01/2015,145.50,145.50,145.50,145.50,0,944,1
31/12/2014,145.50,145.50,145.50,145.50,0,10000,1
30/12/2014,145.50,145.50,145.50,145.50,0,5000,1
29/12/2014,146.50,146.50,145.50,145.50,-0.683,6000,1
24/12/2014,146.50,146.50,146.50,146.50,-2.33,,1
23/12/2014,146.50,150.00,146.50,150.00,2.39,800,1
22/12/2014,146.50,146.50,146.50,146.50,0,,1
19/12/2014,146.50,146.50,146.50,146.50,0,4228,1
18/12/2014,140.00,146.50,140.00,146.50,4.64,89657,1
17/12/2014,140.00,140.00,140.00,140.00,0,17782,1
16/12/2014,140.00,140.00,140.00,140.00,0,,1
15/12/2014,140.00,140.00,140.00,140.00,0,1377,1
12/12/2014,136.50,140.00,136.50,140.00,2.56,8486,1
11/12/2014,132.50,136.50,132.50,136.50,,38068,1
